{"LLM_time": 2128.993731737137, "train_time": 727.8868050575256, "evaluate_time": 2165.47167801857, "init_time": 9.183025360107422, "num_iterations": 178, "num_new_mol": 101}