init_top9,bo_top9
-11.399999618530272,-13.5
-11.0,-13.100000381469728
-10.300000190734863,-13.100000381469728
-9.899999618530272,-12.5
-9.800000190734863,-12.399999618530272
-9.699999809265137,-12.399999618530272
-9.699999809265137,-12.300000190734863
-9.600000381469728,-12.0
-9.600000381469728,-12.0
