{"LLM_time": 1690.3260262012482, "train_time": 180.23175525665283, "evaluate_time": 7441.089666366577, "init_time": 6.064745187759399, "num_iterations": 75, "num_new_mol": 100}