init_top1,bo_top1
-12.300000190734863,-12.699999809265137
