init_top10,bo_top10
-12.300000190734863,-12.699999809265137
-11.300000190734863,-12.199999809265137
-11.100000381469728,-12.199999809265137
-10.899999618530272,-11.699999809265137
-10.699999809265137,-11.699999809265137
-10.600000381469728,-11.600000381469728
-10.600000381469728,-11.5
-10.399999618530272,-11.5
-10.399999618530272,-11.399999618530272
-10.300000190734863,-11.399999618530272
