init_top5,bo_top5
-12.300000190734863,-12.699999809265137
-11.300000190734863,-12.199999809265137
-11.100000381469728,-12.199999809265137
-10.899999618530272,-11.699999809265137
-10.699999809265137,-11.699999809265137
