{"LLM_time": 2066.3364453315735, "train_time": 1023.6388955116272, "evaluate_time": 1268.7400379180908, "init_time": 6.781994342803955, "num_iterations": 237, "num_new_mol": 100}