init_top10,bo_top10
-11.300000190734863,-12.100000381469728
-10.699999809265137,-11.699999809265137
-10.399999618530272,-11.699999809265137
-10.300000190734863,-11.600000381469728
-10.199999809265137,-11.600000381469728
-9.800000190734863,-11.399999618530272
-9.600000381469728,-11.399999618530272
-9.399999618530272,-11.300000190734863
-9.300000190734863,-11.100000381469728
-9.199999809265137,-11.100000381469728
