{"LLM_time": 460.91023445129395, "train_time": 4.458427429199219e-05, "evaluate_time": 1254.2989509105682, "init_time": 4.323457956314087, "num_iterations": 51, "num_new_mol": 102}