init_top5,bo_top5
-6.5,-7.199999809265137
-6.400000095367432,-7.199999809265137
-6.400000095367432,-7.199999809265137
-6.400000095367432,-7.099999904632568
-6.300000190734863,-6.900000095367432
