{"LLM_time": 1761.0262033939362, "train_time": 240.5251133441925, "evaluate_time": 5753.441169261932, "init_time": 6.538698673248291, "num_iterations": 100, "num_new_mol": 100}