init_top10,bo_top10
-6.699999809265137,-7.800000190734863
-6.300000190734863,-7.400000095367432
-6.300000190734863,-7.400000095367432
-6.099999904632568,-7.300000190734863
-6.099999904632568,-7.300000190734863
-6.099999904632568,-7.300000190734863
-6.099999904632568,-7.300000190734863
-6.0,-7.099999904632568
-5.900000095367432,-7.099999904632568
-5.900000095367432,-7.0
