init_top5,bo_top5
-6.699999809265137,-7.800000190734863
-6.300000190734863,-7.400000095367432
-6.300000190734863,-7.400000095367432
-6.099999904632568,-7.300000190734863
-6.099999904632568,-7.300000190734863
