{"LLM_time": 491.4333481788635, "train_time": 4.076957702636719e-05, "evaluate_time": 863.5544550418854, "init_time": 4.415200710296631, "num_iterations": 49, "num_new_mol": 101}