{"LLM_time": 670.858610868454, "train_time": 143.58054065704346, "evaluate_time": 414.91813802719116, "init_time": 6.302815675735474, "num_iterations": 67, "num_new_mol": 100}