init_top5,bo_top5
-5.800000190734863,-6.5
-5.599999904632568,-6.300000190734863
-5.599999904632568,-6.099999904632568
-5.400000095367432,-6.099999904632568
-5.300000190734863,-6.0
