{"LLM_time": 477.7953464984894, "train_time": 4.363059997558594e-05, "evaluate_time": 1339.0048611164093, "init_time": 7.902536153793335, "num_iterations": 51, "num_new_mol": 101}