{"LLM_time": 5521.625199317932, "train_time": 1697.9900574684143, "evaluate_time": 3594.1303794384003, "init_time": 8.79115104675293, "num_iterations": 395, "num_new_mol": 100}