init_top10,bo_top10
-7.4,-7.800000190734863
-6.9,-7.800000190734863
-6.9,-7.699999809265137
-6.9,-7.599999904632568
-6.9,-7.400000095367432
-6.8,-7.400000095367432
-6.7,-7.300000190734863
-6.7,-7.0
-6.7,-6.800000190734863
-6.7,-6.800000190734863
