init_top5,bo_top5
-7.4,-7.800000190734863
-6.9,-7.800000190734863
-6.9,-7.699999809265137
-6.9,-7.599999904632568
-6.9,-7.400000095367432
