{"LLM_time": 3115.8067643642426, "train_time": 324.30021595954895, "evaluate_time": 12924.425636291504, "init_time": 6.787860155105591, "num_iterations": 127, "num_new_mol": 100}