init_top10,bo_top10
-11.300000190734863,-11.199999809265137
-10.600000381469728,-11.199999809265137
-10.5,-10.699999809265137
-10.0,-10.5
-10.0,-10.399999618530272
-9.800000190734863,-10.399999618530272
-9.800000190734863,-10.300000190734863
-9.800000190734863,-10.100000381469728
-9.800000190734863,-10.100000381469728
-9.600000381469728,-10.0
