init_top5,bo_top5
-11.300000190734863,-11.199999809265137
-10.600000381469728,-11.199999809265137
-10.5,-10.699999809265137
-10.0,-10.5
-10.0,-10.399999618530272
