init_top5,bo_top5
-13.300000190734863,-12.899999618530272
-12.899999618530272,-11.399999618530272
-12.399999618530272,-11.399999618530272
-12.300000190734863,-11.199999809265137
-12.199999809265137,-11.0
