init_top5,bo_top5
-9.699999809265137,-10.0
-9.5,-9.800000190734863
-9.100000381469728,-9.699999809265137
-8.899999618530273,-9.699999809265137
-8.5,-9.5
