{"LLM_time": 561.0287139415741, "train_time": 388.83846497535706, "evaluate_time": 648.0944354534149, "init_time": 16.04478144645691, "num_iterations": 73, "num_new_mol": 101}