init_top10,bo_top10
-8.6,-7.900000095367432
-8.1,-7.800000190734863
-7.8,-7.800000190734863
-7.5,-7.599999904632568
-7.4,-7.5
-7.2,-7.5
-7.1,-7.5
-7.0,-7.400000095367432
-7.0,-7.400000095367432
-6.9,-7.400000095367432
