init_top5,bo_top5
-8.6,-7.900000095367432
-8.1,-7.800000190734863
-7.8,-7.800000190734863
-7.5,-7.599999904632568
-7.4,-7.5
