{"LLM_time": 1319.967877626419, "train_time": 131.82563543319702, "evaluate_time": 9329.674208641052, "init_time": 7.048164129257202, "num_iterations": 56, "num_new_mol": 101}