init_top1,bo_top1
-8.699999809265137,-8.899999618530273
