init_top10,bo_top10
-8.699999809265137,-8.899999618530273
-8.600000381469727,-8.800000190734863
-8.399999618530273,-8.800000190734863
-8.199999809265137,-8.600000381469727
-7.900000095367432,-8.600000381469727
-7.599999904632568,-8.399999618530273
-7.599999904632568,-8.399999618530273
-7.599999904632568,-8.300000190734863
-7.5,-8.300000190734863
-7.5,-8.300000190734863
