{"LLM_time": 2589.8443598747253, "train_time": 321.3277642726898, "evaluate_time": 9553.269492387772, "init_time": 6.575697660446167, "num_iterations": 139, "num_new_mol": 101}