init_top1,bo_top1
-6.599999904632568,-6.400000095367432
