init_top5,bo_top5
-6.599999904632568,-6.400000095367432
-6.5,-6.199999809265137
-6.099999904632568,-6.199999809265137
-6.0,-6.099999904632568
-5.900000095367432,-6.0
