{"LLM_time": 2909.166402578354, "train_time": 651.9738614559174, "evaluate_time": 475.22271490097046, "init_time": 5.7142112255096436, "num_iterations": 402, "num_new_mol": 101}