init_top10,bo_top10
-4.5,-5.099999904632568
-4.400000095367432,-4.900000095367432
-4.199999809265137,-4.900000095367432
-3.0,-4.900000095367432
-2.5999999046325684,-4.800000190734863
-2.299999952316284,-4.699999809265137
-2.0999999046325684,-4.699999809265137
-2.0,-4.699999809265137
-1.2999999523162842,-4.599999904632568
-1.0,-4.599999904632568
