init_top5,bo_top5
-4.5,-5.099999904632568
-4.400000095367432,-4.900000095367432
-4.199999809265137,-4.900000095367432
-3.0,-4.900000095367432
-2.5999999046325684,-4.800000190734863
