{"LLM_time": 3339.5099029541016, "train_time": 954.4716532230377, "evaluate_time": 385.30321979522705, "init_time": 6.335476398468018, "num_iterations": 500, "num_new_mol": 96}