init_top1,bo_top1
-3.299999952316284,-3.900000095367432
