init_top5,bo_top5
-3.299999952316284,-3.900000095367432
-3.200000047683716,-3.900000095367432
-2.5,-3.799999952316284
-0.2000000029802322,-3.799999952316284
0.4000000059604645,-3.799999952316284
