{"LLM_time": 428.0982961654663, "train_time": 3.838539123535156e-05, "evaluate_time": 1391.1015684604645, "init_time": 8.457324266433716, "num_iterations": 48, "num_new_mol": 100}