init_top10,bo_top10
-8.699999809265137,-9.399999618530272
-7.900000095367432,-9.100000381469728
-7.800000190734863,-8.899999618530273
-7.800000190734863,-8.899999618530273
-7.599999904632568,-8.800000190734863
-7.5,-8.800000190734863
-7.5,-8.800000190734863
-7.400000095367432,-8.699999809265137
-7.300000190734863,-8.699999809265137
-7.099999904632568,-8.699999809265137
