{"LLM_time": 6241.163661003113, "train_time": 1948.8588285446167, "evaluate_time": 2815.2377274036407, "init_time": 7.984086990356445, "num_iterations": 402, "num_new_mol": 101}