{"LLM_time": 2160.8237092494965, "train_time": 250.00084018707275, "evaluate_time": 5414.766184091568, "init_time": 6.789354562759399, "num_iterations": 96, "num_new_mol": 100}