init_top10,bo_top10
-10.100000381469728,-12.300000190734863
-9.899999618530272,-11.899999618530272
-9.600000381469728,-11.800000190734863
-9.5,-11.600000381469728
-9.5,-11.600000381469728
-9.300000190734863,-11.5
-9.300000190734863,-11.5
-9.199999809265137,-11.5
-9.199999809265137,-11.5
-9.199999809265137,-11.5
