init_top5,bo_top5
-10.100000381469728,-12.300000190734863
-9.899999618530272,-11.899999618530272
-9.600000381469728,-11.800000190734863
-9.5,-11.600000381469728
-9.5,-11.600000381469728
