{"LLM_time": 2044.9131009578705, "train_time": 729.3398530483246, "evaluate_time": 8613.2096824646, "init_time": 7.245677709579468, "num_iterations": 174, "num_new_mol": 100}