{"LLM_time": 17669.693359851837, "train_time": 7365.689365148544, "evaluate_time": 398.33599066734314, "init_time": 8.773188591003418, "num_iterations": 2000, "num_new_mol": 12}