{"LLM_time": 3225.8009040355682, "train_time": 387.29505372047424, "evaluate_time": 7426.98952460289, "init_time": 6.200761318206787, "num_iterations": 150, "num_new_mol": 102}