init_top10,bo_top10
-9.600000381469728,-10.0
-8.899999618530273,-9.699999809265137
-8.699999809265137,-9.5
-8.699999809265137,-9.300000190734863
-8.5,-9.300000190734863
-8.5,-9.100000381469728
-8.399999618530273,-9.100000381469728
-8.399999618530273,-8.600000381469727
-8.300000190734863,-8.600000381469727
-8.300000190734863,-8.600000381469727
