init_top5,bo_top5
-9.600000381469728,-10.0
-8.899999618530273,-9.699999809265137
-8.699999809265137,-9.5
-8.699999809265137,-9.300000190734863
-8.5,-9.300000190734863
