{"LLM_time": 2027.487497806549, "train_time": 840.9614570140839, "evaluate_time": 2716.8720660209656, "init_time": 8.410930871963501, "num_iterations": 200, "num_new_mol": 100}