{"LLM_time": 1333.5707001686096, "train_time": 222.50731372833252, "evaluate_time": 1975.7280941009521, "init_time": 6.380161762237549, "num_iterations": 87, "num_new_mol": 100}