init_top10,bo_top10
-8.300000190734863,-7.900000095367432
-8.100000381469727,-7.800000190734863
-7.900000095367432,-7.599999904632568
-7.800000190734863,-7.5
-7.400000095367432,-7.5
-7.300000190734863,-7.400000095367432
-7.199999809265137,-7.400000095367432
-7.199999809265137,-7.199999809265137
-7.199999809265137,-7.099999904632568
-7.0,-7.099999904632568
