init_top5,bo_top5
-8.300000190734863,-7.900000095367432
-8.100000381469727,-7.800000190734863
-7.900000095367432,-7.599999904632568
-7.800000190734863,-7.5
-7.400000095367432,-7.5
