init_top10,bo_top10
-6.8,-7.0
-6.6,-6.800000190734863
-6.5,-6.699999809265137
-6.5,-6.699999809265137
-6.3,-6.699999809265137
-6.2,-6.699999809265137
-6.1,-6.699999809265137
-6.1,-6.599999904632568
-6.1,-6.599999904632568
-6.1,-6.599999904632568
