{"LLM_time": 692.9828946590424, "train_time": 4.553794860839844e-05, "evaluate_time": 2009.9978322982788, "init_time": 4.952245712280273, "num_iterations": 64, "num_new_mol": 100}