{"LLM_time": 1465.3741881847382, "train_time": 578.629118680954, "evaluate_time": 1177.0279116630554, "init_time": 70.61680722236633, "num_iterations": 169, "num_new_mol": 100}