{"LLM_time": 3206.561734199524, "train_time": 341.70731925964355, "evaluate_time": 10792.56204366684, "init_time": 6.595139980316162, "num_iterations": 123, "num_new_mol": 100}