init_top5,bo_top5
-9.699999809265137,-9.399999618530272
-9.300000190734863,-9.399999618530272
-8.899999618530273,-9.199999809265137
-8.800000190734863,-9.199999809265137
-8.800000190734863,-9.100000381469728
