{"LLM_time": 1110.5151860713959, "train_time": 6.0558319091796875e-05, "evaluate_time": 3242.836666584015, "init_time": 4.35292649269104, "num_iterations": 83, "num_new_mol": 101}