{"LLM_time": 1310.798106431961, "train_time": 135.35448932647705, "evaluate_time": 5062.486169338226, "init_time": 6.6250901222229, "num_iterations": 57, "num_new_mol": 102}