init_top5,bo_top5
-8.399999618530273,-10.0
-8.399999618530273,-9.300000190734863
-8.199999809265137,-9.300000190734863
-8.100000381469727,-9.199999809265137
-8.100000381469727,-9.199999809265137
