init_top10,bo_top10
-7.8,-7.400000095367432
-7.2,-7.199999809265137
-7.1,-6.800000190734863
-6.8,-6.699999809265137
-6.5,-6.599999904632568
-6.5,-6.5
-6.4,-6.5
-6.4,-6.400000095367432
-6.4,-6.400000095367432
-6.1,-6.400000095367432
