{"LLM_time": 3843.098747253418, "train_time": 443.1202874183655, "evaluate_time": 8953.938448429108, "init_time": 6.141688823699951, "num_iterations": 180, "num_new_mol": 100}