init_top5,bo_top5
-13.100000381469728,-13.0
-12.699999809265137,-12.899999618530272
-12.399999618530272,-12.699999809265137
-12.199999809265137,-12.600000381469728
-12.0,-12.399999618530272
