{"LLM_time": 3847.054702281952, "train_time": 1353.97580909729, "evaluate_time": 5291.163301706314, "init_time": 6.311023235321045, "num_iterations": 304, "num_new_mol": 100}