init_top10,bo_top10
-14.399999618530272,-15.699999809265137
-13.800000190734863,-14.399999618530272
-13.199999809265137,-14.199999809265137
-13.100000381469728,-14.100000381469728
-12.399999618530272,-13.899999618530272
-11.800000190734863,-13.300000190734863
-11.600000381469728,-12.5
-11.399999618530272,-12.100000381469728
-11.100000381469728,-12.100000381469728
-11.100000381469728,-11.5
