init_top1,bo_top1
-14.399999618530272,-15.699999809265137
