{"LLM_time": 2429.27237701416, "train_time": 798.2833287715912, "evaluate_time": 1221.5750315189362, "init_time": 17.201564073562622, "num_iterations": 227, "num_new_mol": 101}