init_top9,bo_top9
-6.6,-6.199999809265137
-6.4,-6.199999809265137
-6.0,-5.900000095367432
-5.9,-5.900000095367432
-5.9,-5.900000095367432
-5.7,-5.800000190734863
-5.7,-5.800000190734863
-5.7,-5.699999809265137
-5.6,-5.699999809265137
