{"LLM_time": 659.4702472686768, "train_time": 154.75793361663818, "evaluate_time": 10023.294257164001, "init_time": 9.457158327102661, "num_iterations": 48, "num_new_mol": 100}