{"LLM_time": 386.87686491012573, "train_time": 3.790855407714844e-05, "evaluate_time": 1409.423546552658, "init_time": 4.695270538330078, "num_iterations": 52, "num_new_mol": 101}