init_top9,bo_top9
-8.5,-8.699999809265137
-8.0,-8.300000190734863
-8.0,-8.199999809265137
-7.900000095367432,-8.199999809265137
-7.599999904632568,-8.199999809265137
-7.5,-8.199999809265137
-7.5,-7.900000095367432
-7.5,-7.900000095367432
-7.5,-7.900000095367432
