{"LLM_time": 4911.058707714081, "train_time": 2782.6454842090607, "evaluate_time": 2318.182585477829, "init_time": 7.150987148284912, "num_iterations": 633, "num_new_mol": 100}