init_top20,bo_top20
-8.6,-9.0
-8.5,-9.0
-8.4,-8.800000190734863
-7.8,-8.5
-7.7,-8.399999618530273
-7.6,-8.399999618530273
-7.6,-8.399999618530273
-7.4,-8.300000190734863
-7.1,-8.300000190734863
-7.0,-8.300000190734863
-7.0,-8.300000190734863
-7.0,-8.199999809265137
-6.9,-8.100000381469727
-6.7,-8.0
-6.7,-8.0
-6.7,-8.0
-6.7,-7.900000095367432
-6.6,-7.900000095367432
-6.6,-7.800000190734863
-6.5,-7.800000190734863
