{"LLM_time": 1084.7196135520935, "train_time": 5.459785461425781e-05, "evaluate_time": 7221.569103717804, "init_time": 9.172971248626709, "num_iterations": 80, "num_new_mol": 102}