{"LLM_time": 2220.8116958141327, "train_time": 948.776978969574, "evaluate_time": 3064.8106956481934, "init_time": 7.599357604980469, "num_iterations": 181, "num_new_mol": 101}