{"LLM_time": 698.2663724422455, "train_time": 278.96018838882446, "evaluate_time": 1059.2662329673767, "init_time": 9.070016145706177, "num_iterations": 79, "num_new_mol": 101}