init_top10,bo_top10
-7.5,-10.100000381469728
-7.4,-8.899999618530273
-7.2,-8.899999618530273
-7.2,-7.900000095367432
-7.1,-7.599999904632568
-7.1,-7.599999904632568
-6.9,-7.400000095367432
-6.9,-7.400000095367432
-6.8,-7.300000190734863
-6.8,-7.300000190734863
