{"LLM_time": 388.1893684864044, "train_time": 176.6353063583374, "evaluate_time": 721.0367481708527, "init_time": 9.857778787612915, "num_iterations": 60, "num_new_mol": 102}