init_top9,bo_top9
-5.199999809265137,-6.0
-4.800000190734863,-5.699999809265137
-4.699999809265137,-5.599999904632568
-4.599999904632568,-5.5
-4.599999904632568,-5.400000095367432
-4.599999904632568,-5.300000190734863
-4.599999904632568,-5.300000190734863
-4.5,-5.300000190734863
-4.400000095367432,-5.199999809265137
