{"LLM_time": 1001.420268535614, "train_time": 412.98963260650635, "evaluate_time": 2487.111321926117, "init_time": 6.883652687072754, "num_iterations": 84, "num_new_mol": 102}