{"LLM_time": 1587.9611141681671, "train_time": 414.2043480873108, "evaluate_time": 3733.659168243408, "init_time": 8.878810167312622, "num_iterations": 116, "num_new_mol": 100}