{"LLM_time": 1384.1545851230621, "train_time": 600.8826258182526, "evaluate_time": 1322.960825920105, "init_time": 9.20995283126831, "num_iterations": 144, "num_new_mol": 100}