{"LLM_time": 850.4221858978271, "train_time": 491.37324953079224, "evaluate_time": 1538.9884524345398, "init_time": 6.991026163101196, "num_iterations": 88, "num_new_mol": 100}