init_top10,bo_top10
-6.699999809265137,-7.0
-6.5,-7.0
-6.5,-6.800000190734863
-6.5,-6.699999809265137
-6.400000095367432,-6.699999809265137
-6.300000190734863,-6.699999809265137
-6.300000190734863,-6.699999809265137
-6.199999809265137,-6.699999809265137
-6.199999809265137,-6.599999904632568
-6.199999809265137,-6.599999904632568
