init_top5,bo_top5
-6.699999809265137,-7.0
-6.5,-7.0
-6.5,-6.800000190734863
-6.5,-6.699999809265137
-6.400000095367432,-6.699999809265137
