{"LLM_time": 590.4303889274597, "train_time": 5.364418029785156e-05, "evaluate_time": 1411.480664730072, "init_time": 4.169255971908569, "num_iterations": 64, "num_new_mol": 100}