init_top20,bo_top20
-7.4,-7.800000190734863
-6.9,-7.800000190734863
-6.9,-7.699999809265137
-6.9,-7.599999904632568
-6.9,-7.400000095367432
-6.8,-7.400000095367432
-6.7,-7.300000190734863
-6.7,-7.0
-6.7,-6.800000190734863
-6.7,-6.800000190734863
-6.6,-6.699999809265137
-6.6,-6.699999809265137
-6.6,-6.699999809265137
-6.6,-6.699999809265137
-6.6,-6.599999904632568
-6.5,-6.599999904632568
-6.4,-6.599999904632568
-6.4,-6.5
-6.4,-6.5
-6.4,-6.400000095367432
