init_top9,bo_top9
-8.1,-7.699999809265137
-8.0,-7.400000095367432
-7.6,-7.300000190734863
-7.6,-7.300000190734863
-7.3,-6.800000190734863
-7.0,-6.699999809265137
-7.0,-6.699999809265137
-6.9,-6.699999809265137
-6.8,-6.599999904632568
