{"LLM_time": 2962.0338389873505, "train_time": 412.054918050766, "evaluate_time": 4134.26092672348, "init_time": 6.172128200531006, "num_iterations": 171, "num_new_mol": 100}