init_top1,bo_top1
-9.100000381469728,-9.100000381469728
