init_top5,bo_top5
-9.100000381469728,-9.100000381469728
-8.5,-8.699999809265137
-8.300000190734863,-8.5
-8.199999809265137,-8.399999618530273
-8.0,-8.300000190734863
