init_top10,bo_top10
-10.1,-10.300000190734863
-9.9,-10.199999809265137
-9.9,-9.5
-9.8,-9.399999618530272
-9.8,-9.399999618530272
-9.7,-9.399999618530272
-9.6,-9.300000190734863
-9.6,-9.199999809265137
-9.5,-9.0
-9.4,-8.899999618530273
