init_top5,bo_top5
-8.800000190734863,-9.800000190734863
-8.800000190734863,-9.600000381469728
-8.800000190734863,-9.199999809265137
-8.699999809265137,-8.899999618530273
-8.600000381469727,-8.800000190734863
