{"LLM_time": 5608.339963436127, "train_time": 2160.1798787117004, "evaluate_time": 2996.7253572940826, "init_time": 8.248116254806519, "num_iterations": 519, "num_new_mol": 102}