{"LLM_time": 1879.389084815979, "train_time": 560.7225871086121, "evaluate_time": 3718.6202347278595, "init_time": 8.233401536941528, "num_iterations": 149, "num_new_mol": 101}