{"LLM_time": 262.5907521247864, "train_time": 4.172325134277344e-05, "evaluate_time": 423.1170480251312, "init_time": 4.375524520874023, "num_iterations": 43, "num_new_mol": 102}