{"LLM_time": 563.8900673389435, "train_time": 253.5811779499054, "evaluate_time": 2505.913564682007, "init_time": 6.398706912994385, "num_iterations": 59, "num_new_mol": 101}