{"LLM_time": 372.1423478126526, "train_time": 254.99939632415771, "evaluate_time": 438.33010840415955, "init_time": 8.294678449630737, "num_iterations": 56, "num_new_mol": 100}