init_top10,bo_top10
-6.6,-6.5
-6.2,-6.300000190734863
-6.2,-6.199999809265137
-5.8,-6.199999809265137
-5.8,-6.0
-5.7,-5.900000095367432
-5.6,-5.900000095367432
-5.5,-5.800000190734863
-5.5,-5.800000190734863
-5.5,-5.699999809265137
