init_top5,bo_top5
-6.6,-6.5
-6.2,-6.300000190734863
-6.2,-6.199999809265137
-5.8,-6.199999809265137
-5.8,-6.0
