init_top9,bo_top9
-13.300000190734863,-13.199999809265137
-12.5,-12.800000190734863
-12.199999809265137,-12.300000190734863
-11.800000190734863,-11.899999618530272
-11.600000381469728,-11.800000190734863
-11.5,-11.699999809265137
-11.5,-11.600000381469728
-11.399999618530272,-11.300000190734863
-11.399999618530272,-11.300000190734863
