{"LLM_time": 242.85534405708313, "train_time": 4.38690185546875e-05, "evaluate_time": 247.2082540988922, "init_time": 5.339862585067749, "num_iterations": 47, "num_new_mol": 101}