init_top9,bo_top9
-11.199999809265137,-9.600000381469728
-10.100000381469728,-9.199999809265137
-10.0,-9.0
-9.699999809265137,-8.899999618530273
-9.300000190734863,-8.899999618530273
-9.0,-8.800000190734863
-8.699999809265137,-8.699999809265137
-8.600000381469727,-8.600000381469727
-8.5,-8.600000381469727
