{"LLM_time": 328.90309739112854, "train_time": 200.8211350440979, "evaluate_time": 934.023191690445, "init_time": 10.619975566864014, "num_iterations": 46, "num_new_mol": 100}