init_top9,bo_top9
-6.5,-6.599999904632568
-6.2,-6.5
-6.1,-6.300000190734863
-6.0,-6.0
-5.8,-5.900000095367432
-5.8,-5.900000095367432
-5.8,-5.900000095367432
-5.8,-5.900000095367432
-5.8,-5.800000190734863
