{"LLM_time": 302.58078265190125, "train_time": 6.175041198730469e-05, "evaluate_time": 230.3712089061737, "init_time": 4.4882659912109375, "num_iterations": 61, "num_new_mol": 101}