init_top5,bo_top5
-4.3,-4.800000190734863
-4.3,-4.800000190734863
-4.2,-4.699999809265137
-4.1,-4.699999809265137
-4.1,-4.599999904632568
