init_top9,bo_top9
-4.4,-5.099999904632568
-4.3,-5.0
-4.3,-4.699999809265137
-4.3,-4.699999809265137
-4.2,-4.599999904632568
-4.0,-4.599999904632568
-4.0,-4.599999904632568
-4.0,-4.5
-3.9,-4.5
