{"LLM_time": 1567.0052800178528, "train_time": 170.56851363182068, "evaluate_time": 6162.87851524353, "init_time": 7.569633483886719, "num_iterations": 69, "num_new_mol": 102}