init_top1,bo_top1
-7.800000190734863,-7.099999904632568
