init_top5,bo_top5
-7.800000190734863,-7.099999904632568
-6.800000190734863,-6.800000190734863
-6.800000190734863,-6.599999904632568
-6.699999809265137,-6.599999904632568
-6.599999904632568,-6.5
