{"LLM_time": 651.8019261360168, "train_time": 400.624502658844, "evaluate_time": 398.61069107055664, "init_time": 7.394319295883179, "num_iterations": 86, "num_new_mol": 100}