init_top9,bo_top9
-6.5,-6.900000095367432
-6.3,-6.599999904632568
-6.3,-6.5
-6.2,-6.5
-6.2,-6.400000095367432
-6.0,-6.400000095367432
-6.0,-6.400000095367432
-6.0,-6.400000095367432
-6.0,-6.300000190734863
