init_top9,bo_top9
-6.0,-7.300000190734863
-4.9,-6.599999904632568
-4.9,-6.5
-4.5,-6.5
-4.5,-6.199999809265137
-4.4,-6.199999809265137
-4.4,-6.099999904632568
-4.4,-6.099999904632568
-4.3,-6.099999904632568
