init_top9,bo_top9
-11.300000190734863,-11.800000190734863
-11.199999809265137,-11.699999809265137
-11.199999809265137,-11.5
-10.800000190734863,-11.399999618530272
-10.699999809265137,-11.300000190734863
-10.600000381469728,-11.300000190734863
-10.600000381469728,-11.300000190734863
-10.600000381469728,-11.300000190734863
-10.399999618530272,-11.199999809265137
