init_top9,bo_top9
-10.2,-11.100000381469728
-9.7,-10.899999618530272
-9.6,-10.5
-9.5,-9.899999618530272
-9.1,-9.899999618530272
-8.9,-9.899999618530272
-8.9,-9.699999809265137
-8.6,-9.5
-8.5,-9.5
