init_top20,bo_top20
-4.3,-4.800000190734863
-4.3,-4.800000190734863
-4.2,-4.699999809265137
-4.1,-4.699999809265137
-4.1,-4.599999904632568
-4.0,-4.599999904632568
-4.0,-4.5
-3.9,-4.5
-3.9,-4.400000095367432
-3.9,-4.400000095367432
-3.9,-4.300000190734863
-3.9,-4.199999809265137
-3.9,-4.199999809265137
-3.9,-4.199999809265137
-3.8,-4.199999809265137
-3.8,-4.199999809265137
-3.8,-4.099999904632568
-3.8,-4.099999904632568
-3.8,-4.099999904632568
-3.8,-4.099999904632568
