{"LLM_time": 713.3891479969025, "train_time": 318.9926805496216, "evaluate_time": 4155.529530763626, "init_time": 7.949458599090576, "num_iterations": 62, "num_new_mol": 100}