init_top20,bo_top20
-10.1,-10.300000190734863
-9.9,-10.199999809265137
-9.9,-9.5
-9.8,-9.399999618530272
-9.8,-9.399999618530272
-9.7,-9.399999618530272
-9.6,-9.300000190734863
-9.6,-9.199999809265137
-9.5,-9.0
-9.4,-8.899999618530273
-9.4,-8.800000190734863
-9.3,-8.800000190734863
-9.3,-8.600000381469727
-9.3,-8.600000381469727
-9.3,-8.600000381469727
-9.3,-8.600000381469727
-9.3,-8.5
-9.3,-8.5
-9.2,-8.5
-9.2,-8.399999618530273
