{"LLM_time": 3757.2331545352936, "train_time": 352.2002091407776, "evaluate_time": 7240.3750286102295, "init_time": 6.566999197006226, "num_iterations": 135, "num_new_mol": 102}