init_top5,bo_top5
-9.199999809265137,-9.5
-9.100000381469728,-9.300000190734863
-8.699999809265137,-9.300000190734863
-8.699999809265137,-9.199999809265137
-8.600000381469727,-9.100000381469728
