{"LLM_time": 2186.0435173511505, "train_time": 560.1320536136627, "evaluate_time": 8635.817081928253, "init_time": 9.328214883804321, "num_iterations": 158, "num_new_mol": 103}