init_top10,bo_top10
-8.5,-9.300000190734863
-8.399999618530273,-9.100000381469728
-8.399999618530273,-9.100000381469728
-8.399999618530273,-8.600000381469727
-8.300000190734863,-8.600000381469727
-8.300000190734863,-8.5
-8.199999809265137,-8.399999618530273
-8.0,-8.399999618530273
-7.900000095367432,-8.399999618530273
-7.900000095367432,-8.300000190734863
