{"LLM_time": 968.0755693912506, "train_time": 195.09309029579163, "evaluate_time": 575.5182383060455, "init_time": 6.36668848991394, "num_iterations": 88, "num_new_mol": 102}