init_top20,bo_top20
-6.2,-6.199999809265137
-6.1,-6.099999904632568
-6.0,-6.0
-6.0,-6.0
-5.9,-5.900000095367432
-5.8,-5.800000190734863
-5.8,-5.800000190734863
-5.8,-5.800000190734863
-5.7,-5.800000190734863
-5.7,-5.800000190734863
-5.7,-5.800000190734863
-5.7,-5.800000190734863
-5.7,-5.699999809265137
-5.6,-5.699999809265137
-5.6,-5.699999809265137
-5.6,-5.699999809265137
-5.5,-5.699999809265137
-5.5,-5.599999904632568
-5.4,-5.599999904632568
-5.4,-5.599999904632568
