{"LLM_time": 8981.982929229736, "train_time": 3205.5354578495026, "evaluate_time": 1326.1727721691132, "init_time": 8.23227047920227, "num_iterations": 633, "num_new_mol": 100}