{"LLM_time": 2547.4955871105194, "train_time": 287.607213973999, "evaluate_time": 9836.458886146545, "init_time": 6.349166393280029, "num_iterations": 117, "num_new_mol": 100}