init_top10,bo_top10
-9.699999809265137,-10.100000381469728
-9.699999809265137,-9.600000381469728
-9.600000381469728,-9.600000381469728
-9.399999618530272,-9.5
-9.300000190734863,-9.300000190734863
-9.300000190734863,-9.199999809265137
-9.100000381469728,-9.100000381469728
-9.100000381469728,-9.100000381469728
-9.100000381469728,-9.100000381469728
-9.100000381469728,-8.899999618530273
