init_top1,bo_top1
-9.699999809265137,-10.100000381469728
