{"LLM_time": 379.5431067943573, "train_time": 3.600120544433594e-05, "evaluate_time": 754.3254008293152, "init_time": 4.429536819458008, "num_iterations": 46, "num_new_mol": 100}