init_top1,bo_top1
-11.600000381469728,-10.899999618530272
