init_top9,bo_top9
-11.300000190734863,-11.600000381469728
-10.800000190734863,-11.5
-10.600000381469728,-10.600000381469728
-10.600000381469728,-10.5
-10.399999618530272,-10.399999618530272
-10.399999618530272,-10.399999618530272
-10.399999618530272,-10.300000190734863
-10.100000381469728,-10.300000190734863
-9.899999618530272,-10.300000190734863
