{"LLM_time": 279.8987934589386, "train_time": 6.031990051269531e-05, "evaluate_time": 262.705867767334, "init_time": 4.3718037605285645, "num_iterations": 51, "num_new_mol": 102}