init_top20,bo_top20
-4.0,-3.900000095367432
-3.8,-3.900000095367432
-3.8,-3.799999952316284
-3.8,-3.799999952316284
-3.8,-3.700000047683716
-3.8,-3.700000047683716
-3.8,-3.700000047683716
-3.8,-3.700000047683716
-3.6,-3.700000047683716
-3.6,-3.700000047683716
-3.6,-3.5999999046325684
-3.6,-3.5999999046325684
-3.6,-3.5999999046325684
-3.6,-3.5999999046325684
-3.5,-3.5
-3.5,-3.400000095367432
-3.5,-3.299999952316284
-3.5,-3.200000047683716
-3.5,-3.200000047683716
-3.5,-3.200000047683716
