init_top9,bo_top9
-4.0,-3.799999952316284
-3.9,-3.799999952316284
-3.9,-3.700000047683716
-3.9,-3.700000047683716
-3.9,-3.700000047683716
-3.8,-3.5999999046325684
-3.7,-3.5999999046325684
-3.7,-3.5999999046325684
-3.6,-3.5999999046325684
