{"LLM_time": 939.2421596050262, "train_time": 550.3322739601135, "evaluate_time": 2056.007339954376, "init_time": 7.489321708679199, "num_iterations": 105, "num_new_mol": 101}