init_top10,bo_top10
-12.7,-12.600000381469728
-12.4,-12.5
-12.4,-12.199999809265137
-12.3,-12.100000381469728
-12.1,-12.100000381469728
-11.6,-12.0
-11.5,-11.800000190734863
-11.5,-11.699999809265137
-11.4,-11.699999809265137
-11.4,-11.600000381469728
