init_top9,bo_top9
-13.9,-13.399999618530272
-13.0,-13.100000381469728
-12.5,-12.399999618530272
-12.5,-12.399999618530272
-12.1,-12.399999618530272
-11.8,-12.199999809265137
-11.5,-12.0
-11.5,-11.800000190734863
-11.5,-11.699999809265137
