{"LLM_time": 2288.2340586185455, "train_time": 989.1622598171234, "evaluate_time": 502.12178015708923, "init_time": 108.49993896484375, "num_iterations": 311, "num_new_mol": 100}