init_top5,bo_top5
-5.8,-7.5
-5.4,-7.199999809265137
-4.9,-7.0
-4.8,-6.900000095367432
-4.5,-6.800000190734863
