{"LLM_time": 577.8021695613861, "train_time": 4.1484832763671875e-05, "evaluate_time": 1859.70987200737, "init_time": 3.138076066970825, "num_iterations": 57, "num_new_mol": 100}