init_top1,bo_top1
-10.300000190734863,-11.199999809265137
