init_top5,bo_top5
-10.300000190734863,-11.199999809265137
-10.300000190734863,-10.899999618530272
-10.300000190734863,-10.300000190734863
-10.300000190734863,-10.199999809265137
-10.100000381469728,-10.199999809265137
