{"LLM_time": 1801.3490779399872, "train_time": 600.9449141025543, "evaluate_time": 2812.2232913970947, "init_time": 9.929659128189087, "num_iterations": 153, "num_new_mol": 100}