init_top10,bo_top10
-11.100000381469728,-11.5
-11.0,-11.399999618530272
-10.0,-9.899999618530272
-9.899999618530272,-9.699999809265137
-9.600000381469728,-9.699999809265137
-9.399999618530272,-9.600000381469728
-9.199999809265137,-9.300000190734863
-9.0,-9.199999809265137
-8.899999618530273,-9.100000381469728
-8.800000190734863,-9.0
