init_top9,bo_top9
-10.399999618530272,-12.0
-9.899999618530272,-11.899999618530272
-9.600000381469728,-10.199999809265137
-9.300000190734863,-9.800000190734863
-9.300000190734863,-9.699999809265137
-9.300000190734863,-9.300000190734863
-9.0,-9.199999809265137
-8.899999618530273,-8.899999618530273
-8.800000190734863,-8.899999618530273
