{"LLM_time": 563.9762449264526, "train_time": 3.9577484130859375e-05, "evaluate_time": 3981.139202594757, "init_time": 4.830505847930908, "num_iterations": 54, "num_new_mol": 101}