init_top9,bo_top9
-10.3,-10.100000381469728
-10.2,-10.0
-9.8,-9.800000190734863
-9.8,-9.600000381469728
-9.8,-9.600000381469728
-9.7,-9.5
-9.6,-9.399999618530272
-9.5,-9.300000190734863
-9.4,-9.300000190734863
