{"LLM_time": 14493.168020963669, "train_time": 7174.312685728073, "evaluate_time": 2229.684110879898, "init_time": 6.969621419906616, "num_iterations": 1417, "num_new_mol": 100}