init_top1,bo_top1
-11.300000190734863,-10.899999618530272
