{"LLM_time": 3744.378399848938, "train_time": 2001.104742527008, "evaluate_time": 2112.030804872513, "init_time": 7.797842025756836, "num_iterations": 373, "num_new_mol": 100}