init_top9,bo_top9
-10.699999809265137,-9.899999618530272
-10.5,-9.100000381469728
-10.399999618530272,-9.100000381469728
-10.399999618530272,-9.0
-10.199999809265137,-9.0
-10.100000381469728,-9.0
-9.600000381469728,-8.899999618530273
-9.399999618530272,-8.899999618530273
-9.300000190734863,-8.899999618530273
