{"LLM_time": 982.7757580280304, "train_time": 201.547021150589, "evaluate_time": 959.5940961837769, "init_time": 5.986493110656738, "num_iterations": 90, "num_new_mol": 100}