init_top5,bo_top5
-8.100000381469727,-7.5
-7.199999809265137,-7.199999809265137
-7.099999904632568,-7.099999904632568
-7.0,-6.900000095367432
-6.800000190734863,-6.800000190734863
