init_top20,bo_top20
-10.1,-9.5
-9.4,-9.399999618530272
-9.1,-9.300000190734863
-9.0,-9.199999809265137
-9.0,-9.100000381469728
-8.7,-9.100000381469728
-8.7,-9.100000381469728
-8.7,-9.100000381469728
-8.5,-9.0
-8.4,-9.0
-8.3,-8.899999618530273
-8.2,-8.899999618530273
-8.1,-8.899999618530273
-8.1,-8.899999618530273
-7.9,-8.899999618530273
-7.8,-8.899999618530273
-7.8,-8.800000190734863
-7.8,-8.800000190734863
-7.7,-8.800000190734863
-7.7,-8.800000190734863
