{"LLM_time": 848.2679023742676, "train_time": 419.11294412612915, "evaluate_time": 4282.9314522743225, "init_time": 6.554934024810791, "num_iterations": 92, "num_new_mol": 101}