{"LLM_time": 1382.596749305725, "train_time": 128.75570368766785, "evaluate_time": 8666.258686304092, "init_time": 6.539872884750366, "num_iterations": 55, "num_new_mol": 102}