init_top1,bo_top1
-4.900000095367432,-6.099999904632568
