init_top5,bo_top5
-4.900000095367432,-6.099999904632568
-4.900000095367432,-5.599999904632568
-4.800000190734863,-5.599999904632568
-4.800000190734863,-5.599999904632568
-4.800000190734863,-5.599999904632568
