{"LLM_time": 1349.2394804954529, "train_time": 825.6585557460785, "evaluate_time": 1027.6284947395325, "init_time": 7.112684726715088, "num_iterations": 158, "num_new_mol": 104}