{"LLM_time": 311.0009889602661, "train_time": 3.4809112548828125e-05, "evaluate_time": 725.5515878200531, "init_time": 4.789198875427246, "num_iterations": 41, "num_new_mol": 101}