init_top20,bo_top20
-8.0,-7.5
-7.5,-6.900000095367432
-7.3,-6.800000190734863
-7.2,-6.699999809265137
-7.1,-6.699999809265137
-7.0,-6.699999809265137
-7.0,-6.599999904632568
-6.9,-6.599999904632568
-6.9,-6.5
-6.8,-6.5
-6.7,-6.5
-6.6,-6.5
-6.6,-6.5
-6.6,-6.400000095367432
-6.6,-6.400000095367432
-6.4,-6.300000190734863
-6.4,-6.300000190734863
-6.4,-6.300000190734863
-6.4,-6.300000190734863
-6.4,-6.300000190734863
