{"LLM_time": 687.9175937175751, "train_time": 372.744553565979, "evaluate_time": 2215.614784002304, "init_time": 8.105393886566162, "num_iterations": 69, "num_new_mol": 101}