init_top20,bo_top20
-8.7,-9.5
-8.6,-9.5
-8.0,-9.5
-7.9,-9.199999809265137
-7.9,-9.199999809265137
-7.7,-9.100000381469728
-7.7,-9.100000381469728
-7.6,-9.100000381469728
-7.6,-9.0
-7.5,-9.0
-7.5,-9.0
-7.3,-8.899999618530273
-7.3,-8.899999618530273
-7.3,-8.699999809265137
-7.2,-8.699999809265137
-7.2,-8.699999809265137
-7.1,-8.699999809265137
-7.1,-8.699999809265137
-7.1,-8.699999809265137
-7.1,-8.699999809265137
