init_top5,bo_top5
-8.7,-9.5
-8.6,-9.5
-8.0,-9.5
-7.9,-9.199999809265137
-7.9,-9.199999809265137
