init_top9,bo_top9
-8.8,-9.699999809265137
-8.4,-9.699999809265137
-8.3,-9.300000190734863
-8.1,-9.199999809265137
-7.8,-9.0
-7.7,-9.0
-7.6,-9.0
-7.6,-8.800000190734863
-7.6,-8.800000190734863
