{"LLM_time": 648.5277318954468, "train_time": 4.124641418457031e-05, "evaluate_time": 2706.9109778404236, "init_time": 8.17778754234314, "num_iterations": 60, "num_new_mol": 101}