init_top1,bo_top1
-10.199999809265137,-10.899999618530272
