init_top9,bo_top9
-9.699999809265137,-10.399999618530272
-9.199999809265137,-10.0
-9.100000381469728,-9.800000190734863
-9.100000381469728,-9.699999809265137
-9.0,-9.699999809265137
-9.0,-9.600000381469728
-8.800000190734863,-9.300000190734863
-8.800000190734863,-9.199999809265137
-8.699999809265137,-9.199999809265137
