{"LLM_time": 6143.846956014633, "train_time": 2205.980497121811, "evaluate_time": 11005.539742469788, "init_time": 7.730739593505859, "num_iterations": 551, "num_new_mol": 100}