{"LLM_time": 827.6559906005859, "train_time": 4.1484832763671875e-05, "evaluate_time": 8109.574743032455, "init_time": 6.610853672027588, "num_iterations": 56, "num_new_mol": 101}