{"LLM_time": 3472.658385515213, "train_time": 357.10639357566833, "evaluate_time": 15100.676575183868, "init_time": 6.561378240585327, "num_iterations": 145, "num_new_mol": 100}