init_top10,bo_top10
-10.699999809265137,-11.0
-10.199999809265137,-10.699999809265137
-10.0,-10.600000381469728
-10.0,-10.600000381469728
-9.899999618530272,-10.5
-9.800000190734863,-10.399999618530272
-9.800000190734863,-10.300000190734863
-9.800000190734863,-10.300000190734863
-9.699999809265137,-10.300000190734863
-9.699999809265137,-10.199999809265137
