init_top5,bo_top5
-10.699999809265137,-11.0
-10.199999809265137,-10.699999809265137
-10.0,-10.600000381469728
-10.0,-10.600000381469728
-9.899999618530272,-10.5
