{"LLM_time": 430.08568477630615, "train_time": 4.553794860839844e-05, "evaluate_time": 1516.473290681839, "init_time": 9.414237976074219, "num_iterations": 56, "num_new_mol": 100}