init_top9,bo_top9
-13.5,-13.100000381469728
-11.899999618530272,-13.0
-11.800000190734863,-12.800000190734863
-11.5,-12.5
-11.5,-12.399999618530272
-11.300000190734863,-12.300000190734863
-11.300000190734863,-12.199999809265137
-11.100000381469728,-12.100000381469728
-11.0,-12.0
