{"LLM_time": 1939.3040795326233, "train_time": 485.8100576400757, "evaluate_time": 7890.172435998917, "init_time": 6.727075815200806, "num_iterations": 131, "num_new_mol": 101}