{"LLM_time": 722.6966352462769, "train_time": 5.9604644775390625e-05, "evaluate_time": 2201.280994415283, "init_time": 8.81762433052063, "num_iterations": 82, "num_new_mol": 100}