init_top10,bo_top10
-8.4,-8.399999618530273
-8.4,-8.300000190734863
-8.3,-8.100000381469727
-7.6,-8.100000381469727
-7.4,-7.900000095367432
-7.2,-7.800000190734863
-7.2,-7.699999809265137
-7.0,-7.5
-7.0,-7.400000095367432
-7.0,-7.300000190734863
