{"LLM_time": 237.67077469825745, "train_time": 3.9577484130859375e-05, "evaluate_time": 243.00778126716614, "init_time": 4.350457191467285, "num_iterations": 40, "num_new_mol": 100}