{"LLM_time": 863.66082239151, "train_time": 4.76837158203125e-05, "evaluate_time": 7704.469419717789, "init_time": 4.634798765182495, "num_iterations": 75, "num_new_mol": 100}