{"LLM_time": 1012.0796959400177, "train_time": 328.9463949203491, "evaluate_time": 1789.5849976539612, "init_time": 7.969530344009399, "num_iterations": 103, "num_new_mol": 100}