{"LLM_time": 288.1839406490326, "train_time": 3.933906555175781e-05, "evaluate_time": 581.3308973312378, "init_time": 5.009802341461182, "num_iterations": 43, "num_new_mol": 100}