{"LLM_time": 985.4868693351746, "train_time": 555.055700302124, "evaluate_time": 2175.95276427269, "init_time": 6.906870603561401, "num_iterations": 94, "num_new_mol": 100}