init_top5,bo_top5
-10.300000190734863,-12.5
-10.300000190734863,-11.600000381469728
-10.300000190734863,-11.600000381469728
-10.300000190734863,-11.5
-10.100000381469728,-11.199999809265137
