{"LLM_time": 512.235538482666, "train_time": 269.19406056404114, "evaluate_time": 437.47704458236694, "init_time": 9.875475883483887, "num_iterations": 57, "num_new_mol": 100}