init_top10,bo_top10
-6.5,-7.800000190734863
-6.4,-6.900000095367432
-6.3,-6.800000190734863
-6.3,-6.800000190734863
-6.0,-6.699999809265137
-6.0,-6.699999809265137
-6.0,-6.599999904632568
-5.8,-6.5
-5.8,-6.400000095367432
-5.7,-6.400000095367432
