{"LLM_time": 1737.9480748176575, "train_time": 301.7735495567322, "evaluate_time": 1994.6275260448456, "init_time": 6.3883056640625, "num_iterations": 125, "num_new_mol": 102}