init_top1,bo_top1
-5.900000095367432,-6.199999809265137
