init_top5,bo_top5
-5.900000095367432,-6.199999809265137
-5.5,-6.199999809265137
-5.199999809265137,-5.800000190734863
-5.199999809265137,-5.699999809265137
-5.099999904632568,-5.599999904632568
