{"LLM_time": 3449.521335840225, "train_time": 2147.5132043361664, "evaluate_time": 962.4579048156738, "init_time": 57.20817494392395, "num_iterations": 438, "num_new_mol": 101}