init_top5,bo_top5
-9.4,-9.699999809265137
-9.4,-9.300000190734863
-9.4,-9.199999809265137
-9.0,-9.0
-9.0,-9.0
