{"LLM_time": 563.3812618255615, "train_time": 4.220008850097656e-05, "evaluate_time": 2512.9398493766785, "init_time": 4.295233488082886, "num_iterations": 60, "num_new_mol": 101}