{"LLM_time": 1065.4171817302704, "train_time": 429.2550172805786, "evaluate_time": 840.1562418937683, "init_time": 20.407678842544556, "num_iterations": 158, "num_new_mol": 101}