init_top10,bo_top10
-6.4,-6.5
-6.4,-6.199999809265137
-6.3,-6.199999809265137
-6.0,-6.199999809265137
-6.0,-6.099999904632568
-5.9,-6.099999904632568
-5.8,-6.0
-5.8,-6.0
-5.8,-6.0
-5.7,-6.0
