{"LLM_time": 806.6841223239899, "train_time": 294.7365038394928, "evaluate_time": 1578.2459070682526, "init_time": 19.252448797225952, "num_iterations": 85, "num_new_mol": 100}