init_top9,bo_top9
-7.5,-7.300000190734863
-7.199999809265137,-7.300000190734863
-7.099999904632568,-7.199999809265137
-7.099999904632568,-7.0
-6.900000095367432,-6.800000190734863
-6.900000095367432,-6.800000190734863
-6.900000095367432,-6.800000190734863
-6.5,-6.800000190734863
-6.400000095367432,-6.699999809265137
