{"LLM_time": 804.5575788021088, "train_time": 319.2921214103699, "evaluate_time": 1396.6725451946259, "init_time": 8.028505802154541, "num_iterations": 83, "num_new_mol": 102}