{"LLM_time": 1599.7459516525269, "train_time": 255.46362495422363, "evaluate_time": 4093.5204315185547, "init_time": 6.590603590011597, "num_iterations": 105, "num_new_mol": 101}