init_top10,bo_top10
-9.0,-9.0
-8.699999809265137,-9.0
-8.399999618530273,-8.100000381469727
-8.100000381469727,-8.0
-7.900000095367432,-7.699999809265137
-7.900000095367432,-7.699999809265137
-7.599999904632568,-7.5
-7.599999904632568,-7.400000095367432
-7.5,-7.300000190734863
-7.5,-7.199999809265137
