init_top5,bo_top5
-9.0,-9.0
-8.699999809265137,-9.0
-8.399999618530273,-8.100000381469727
-8.100000381469727,-8.0
-7.900000095367432,-7.699999809265137
