{"LLM_time": 716.4769222736359, "train_time": 347.7313942909241, "evaluate_time": 1440.9586255550385, "init_time": 9.885168313980103, "num_iterations": 86, "num_new_mol": 101}