init_top10,bo_top10
-6.2,-6.199999809265137
-6.1,-6.099999904632568
-6.0,-6.0
-6.0,-6.0
-5.9,-5.900000095367432
-5.8,-5.800000190734863
-5.8,-5.800000190734863
-5.8,-5.800000190734863
-5.7,-5.800000190734863
-5.7,-5.800000190734863
