{"LLM_time": 2855.410236597061, "train_time": 375.31204533576965, "evaluate_time": 7461.949976205826, "init_time": 6.0285255908966064, "num_iterations": 159, "num_new_mol": 100}