init_top10,bo_top10
-9.699999809265137,-10.0
-9.300000190734863,-9.899999618530272
-9.199999809265137,-9.899999618530272
-8.899999618530273,-9.699999809265137
-8.899999618530273,-9.5
-8.399999618530273,-9.399999618530272
-8.300000190734863,-9.300000190734863
-8.199999809265137,-9.300000190734863
-8.100000381469727,-9.100000381469728
-8.100000381469727,-9.0
