{"LLM_time": 2822.503331422806, "train_time": 1371.6341054439545, "evaluate_time": 4620.0007700920105, "init_time": 7.067389249801636, "num_iterations": 252, "num_new_mol": 101}