init_top5,bo_top5
-14.399999618530272,-15.699999809265137
-13.800000190734863,-14.399999618530272
-13.199999809265137,-14.199999809265137
-13.100000381469728,-14.100000381469728
-12.399999618530272,-13.899999618530272
