init_top9,bo_top9
-13.600000381469728,-12.800000190734863
-12.800000190734863,-12.5
-12.600000381469728,-12.300000190734863
-12.300000190734863,-12.300000190734863
-12.100000381469728,-12.199999809265137
-11.399999618530272,-12.100000381469728
-11.199999809265137,-12.0
-11.199999809265137,-11.800000190734863
-11.199999809265137,-11.699999809265137
