{"LLM_time": 331.7000644207001, "train_time": 3.719329833984375e-05, "evaluate_time": 640.7799918651581, "init_time": 5.144484758377075, "num_iterations": 43, "num_new_mol": 102}