init_top10,bo_top10
-7.3,-7.599999904632568
-7.2,-7.5
-7.2,-7.400000095367432
-7.2,-7.0
-7.1,-6.900000095367432
-7.0,-6.800000190734863
-7.0,-6.800000190734863
-7.0,-6.699999809265137
-6.9,-6.699999809265137
-6.8,-6.599999904632568
