{"LLM_time": 517.128600358963, "train_time": 380.43946075439453, "evaluate_time": 864.1523697376251, "init_time": 7.578996658325195, "num_iterations": 74, "num_new_mol": 100}