init_top10,bo_top10
-16.5,-15.399999618530272
-15.899999618530272,-15.300000190734863
-14.0,-15.100000381469728
-13.199999809265137,-14.600000381469728
-13.0,-14.5
-12.899999618530272,-14.5
-12.899999618530272,-14.0
-12.899999618530272,-13.800000190734863
-12.699999809265137,-13.699999809265137
-12.600000381469728,-13.699999809265137
