{"LLM_time": 3440.903089761734, "train_time": 1612.954636335373, "evaluate_time": 972.1822090148926, "init_time": 143.73122692108154, "num_iterations": 417, "num_new_mol": 100}