init_top20,bo_top20
-8.4,-8.399999618530273
-8.4,-8.300000190734863
-8.3,-8.100000381469727
-7.6,-8.100000381469727
-7.4,-7.900000095367432
-7.2,-7.800000190734863
-7.2,-7.699999809265137
-7.0,-7.5
-7.0,-7.400000095367432
-7.0,-7.300000190734863
-7.0,-7.199999809265137
-6.9,-7.199999809265137
-6.7,-7.199999809265137
-6.7,-7.099999904632568
-6.7,-7.099999904632568
-6.6,-7.0
-6.6,-7.0
-6.6,-7.0
-6.5,-6.900000095367432
-6.5,-6.900000095367432
