init_top5,bo_top5
-8.4,-8.399999618530273
-8.4,-8.300000190734863
-8.3,-8.100000381469727
-7.6,-8.100000381469727
-7.4,-7.900000095367432
