init_top10,bo_top10
-8.800000190734863,-9.800000190734863
-8.800000190734863,-9.600000381469728
-8.800000190734863,-9.199999809265137
-8.699999809265137,-8.899999618530273
-8.600000381469727,-8.800000190734863
-8.399999618530273,-8.699999809265137
-8.0,-8.600000381469727
-7.900000095367432,-8.600000381469727
-7.800000190734863,-8.5
-7.699999809265137,-8.399999618530273
