init_top9,bo_top9
-8.399999618530273,-9.699999809265137
-8.300000190734863,-9.600000381469728
-8.300000190734863,-9.5
-8.199999809265137,-9.5
-8.199999809265137,-9.300000190734863
-8.0,-9.300000190734863
-7.900000095367432,-8.899999618530273
-7.900000095367432,-8.899999618530273
-7.800000190734863,-8.800000190734863
