{"LLM_time": 1011.3687274456024, "train_time": 604.2146768569946, "evaluate_time": 1215.7203207015991, "init_time": 7.322531700134277, "num_iterations": 115, "num_new_mol": 101}