init_top5,bo_top5
-9.5,-10.5
-9.5,-10.100000381469728
-9.199999809265137,-9.699999809265137
-8.699999809265137,-9.600000381469728
-8.399999618530273,-9.600000381469728
