{"LLM_time": 756.1937201023102, "train_time": 4.601478576660156e-05, "evaluate_time": 3223.951276063919, "init_time": 11.045821189880371, "num_iterations": 64, "num_new_mol": 102}