init_top10,bo_top10
-8.5,-8.399999618530273
-8.399999618530273,-8.399999618530273
-8.399999618530273,-8.399999618530273
-8.399999618530273,-8.199999809265137
-8.300000190734863,-8.100000381469727
-8.300000190734863,-8.0
-8.199999809265137,-8.0
-8.0,-7.900000095367432
-7.900000095367432,-7.800000190734863
-7.900000095367432,-7.800000190734863
