{"LLM_time": 370.7591996192932, "train_time": 197.32844018936157, "evaluate_time": 1140.538603067398, "init_time": 10.027987957000732, "num_iterations": 42, "num_new_mol": 100}