{"LLM_time": 1036.7049958705902, "train_time": 5.698204040527344e-05, "evaluate_time": 4494.561633348465, "init_time": 7.34393835067749, "num_iterations": 85, "num_new_mol": 102}