init_top5,bo_top5
-11.100000381469728,-11.5
-10.899999618530272,-11.399999618530272
-10.800000190734863,-11.300000190734863
-10.300000190734863,-11.300000190734863
-10.199999809265137,-11.199999809265137
