Molecule,Docking Score,QED Score,MW score,LogP Score,SA Score,Generated Source
CC1CC2C(C3(C)CCCCC3)CCCCC2C2(C)C(C(O)C3=CCC=C(O)C=C3)C(O)CC12C,-8.600000381469727,0.39011767596853697,482.74900000000014,7.50170000000001,0.47580091711196193,repairer
CCC(C)C1C2=C3CC=C(CO)CC3=C3CC=CC=C3CC13CCC(C)CC3(O)C2,-8.699999809265137,0.5490131808604654,406.61000000000024,6.185600000000007,0.35464300159731665,repairer
CCC(C)C1C2=C3CC=C(CO)CC3=C3CC=CC3CC13CCC(C)CC3(O)C2,-8.300000190734863,0.5872750807287926,394.5990000000002,5.875400000000007,0.34237358733874973,repairer
