{"LLM_time": 20108.428020238876, "train_time": 8429.33532500267, "evaluate_time": 63.96333622932434, "init_time": 14.538647651672363, "num_iterations": 2000, "num_new_mol": 3}