init_top10,bo_top10
-9.5,-9.5
-9.199999809265137,-9.199999809265137
-9.100000381469728,-9.100000381469728
-9.0,-8.899999618530273
-8.699999809265137,-8.899999618530273
-8.600000381469727,-8.699999809265137
-8.600000381469727,-8.5
-8.600000381469727,-8.5
-8.5,-8.5
-8.5,-8.300000190734863
