init_top9,bo_top9
-7.0,-6.900000095367432
-7.0,-6.900000095367432
-6.900000095367432,-6.900000095367432
-6.800000190734863,-6.900000095367432
-6.800000190734863,-6.800000190734863
-6.599999904632568,-6.800000190734863
-6.599999904632568,-6.699999809265137
-6.5,-6.699999809265137
-6.300000190734863,-6.5
