{"LLM_time": 15567.076228380203, "train_time": 8213.223929166794, "evaluate_time": 9.506436586380005, "init_time": 13.284031867980957, "num_iterations": 2000, "num_new_mol": 1}