{"LLM_time": 1773.4337704181671, "train_time": 540.1337351799011, "evaluate_time": 3401.912994623184, "init_time": 57.20089244842529, "num_iterations": 131, "num_new_mol": 100}