init_top10,bo_top10
-10.300000190734863,-12.5
-10.300000190734863,-11.600000381469728
-10.300000190734863,-11.600000381469728
-10.300000190734863,-11.5
-10.100000381469728,-11.199999809265137
-9.899999618530272,-11.199999809265137
-9.899999618530272,-11.199999809265137
-9.899999618530272,-11.199999809265137
-9.699999809265137,-11.0
-9.699999809265137,-10.899999618530272
