{"LLM_time": 3323.1078431606293, "train_time": 1624.4058616161346, "evaluate_time": 1610.1790344715118, "init_time": 69.67330312728882, "num_iterations": 314, "num_new_mol": 100}