{"LLM_time": 1368.4976506233215, "train_time": 157.12920689582825, "evaluate_time": 3724.924392223358, "init_time": 7.144520044326782, "num_iterations": 60, "num_new_mol": 100}