init_top1,bo_top1
-6.699999809265137,-6.800000190734863
