init_top5,bo_top5
-6.699999809265137,-6.800000190734863
-6.5,-6.800000190734863
-6.099999904632568,-6.599999904632568
-6.0,-6.599999904632568
-6.0,-6.599999904632568
