init_top5,bo_top5
-8.6,-9.0
-8.5,-9.0
-8.4,-8.800000190734863
-7.8,-8.5
-7.7,-8.399999618530273
