init_top9,bo_top9
-8.4,-8.800000190734863
-8.0,-8.699999809265137
-7.9,-8.699999809265137
-7.7,-8.600000381469727
-7.3,-8.600000381469727
-7.3,-8.600000381469727
-7.2,-8.5
-7.1,-8.399999618530273
-7.1,-8.300000190734863
