{"LLM_time": 1960.7694325447083, "train_time": 328.36388778686523, "evaluate_time": 16138.45309305191, "init_time": 18.748138904571533, "num_iterations": 111, "num_new_mol": 100}