init_top10,bo_top10
-9.6,-9.600000381469728
-9.1,-9.300000190734863
-9.1,-9.300000190734863
-9.0,-9.300000190734863
-8.9,-9.100000381469728
-8.8,-9.0
-8.8,-9.0
-8.8,-9.0
-8.8,-8.899999618530273
-8.5,-8.899999618530273
