init_top5,bo_top5
-9.6,-9.600000381469728
-9.1,-9.300000190734863
-9.1,-9.300000190734863
-9.0,-9.300000190734863
-8.9,-9.100000381469728
