{"LLM_time": 20400.11805009842, "train_time": 7142.8841025829315, "evaluate_time": 4928.6827392578125, "init_time": 8.48079228401184, "num_iterations": 1784, "num_new_mol": 100}