init_top5,bo_top5
-10.5,-9.5
-10.100000381469728,-9.0
-9.699999809265137,-8.800000190734863
-9.699999809265137,-8.5
-9.399999618530272,-8.300000190734863
