init_top9,bo_top9
-9.600000381469728,-10.100000381469728
-9.300000190734863,-9.0
-9.199999809265137,-8.800000190734863
-9.100000381469728,-8.600000381469727
-9.100000381469728,-8.600000381469727
-9.100000381469728,-8.600000381469727
-9.100000381469728,-8.399999618530273
-8.899999618530273,-8.399999618530273
-8.899999618530273,-8.300000190734863
