{"LLM_time": 2301.397552013397, "train_time": 702.8216643333435, "evaluate_time": 10681.156949520111, "init_time": 7.282567977905273, "num_iterations": 189, "num_new_mol": 100}