init_top20,bo_top20
-9.6,-10.0
-9.1,-9.199999809265137
-9.1,-8.800000190734863
-9.0,-8.699999809265137
-8.9,-8.600000381469727
-8.8,-8.5
-8.8,-8.300000190734863
-8.8,-8.199999809265137
-8.8,-8.199999809265137
-8.5,-8.100000381469727
-8.5,-8.100000381469727
-8.4,-8.0
-8.4,-7.900000095367432
-8.4,-7.900000095367432
-8.3,-7.900000095367432
-8.3,-7.900000095367432
-8.2,-7.800000190734863
-8.1,-7.699999809265137
-8.1,-7.699999809265137
-8.0,-7.699999809265137
