init_top5,bo_top5
-9.6,-10.0
-9.1,-9.199999809265137
-9.1,-8.800000190734863
-9.0,-8.699999809265137
-8.9,-8.600000381469727
