init_top10,bo_top10
-10.399999618530272,-9.300000190734863
-10.0,-9.300000190734863
-9.699999809265137,-9.199999809265137
-9.199999809265137,-9.199999809265137
-9.100000381469728,-9.100000381469728
-9.0,-9.0
-9.0,-9.0
-8.899999618530273,-9.0
-8.699999809265137,-9.0
-8.699999809265137,-8.899999618530273
