init_top1,bo_top1
-10.399999618530272,-9.300000190734863
