init_top5,bo_top5
-10.399999618530272,-9.300000190734863
-10.0,-9.300000190734863
-9.699999809265137,-9.199999809265137
-9.199999809265137,-9.199999809265137
-9.100000381469728,-9.100000381469728
