init_top1,bo_top1
-8.699999809265137,-9.399999618530272
