init_top9,bo_top9
-8.5,-9.0
-7.900000095367432,-8.699999809265137
-7.800000190734863,-8.600000381469727
-7.699999809265137,-8.600000381469727
-7.599999904632568,-8.5
-7.599999904632568,-8.300000190734863
-7.5,-8.199999809265137
-7.5,-8.199999809265137
-7.199999809265137,-8.0
