{"LLM_time": 494.59112071990967, "train_time": 248.69487357139587, "evaluate_time": 1540.7928042411804, "init_time": 7.740979194641113, "num_iterations": 54, "num_new_mol": 101}