{"LLM_time": 832.087863445282, "train_time": 5.173683166503906e-05, "evaluate_time": 3658.1719903945923, "init_time": 41.05609488487244, "num_iterations": 74, "num_new_mol": 101}