init_top5,bo_top5
-10.9,-11.199999809265137
-10.5,-11.100000381469728
-10.4,-11.100000381469728
-9.7,-11.100000381469728
-9.5,-11.0
