{"LLM_time": 997.0539553165436, "train_time": 197.74185180664062, "evaluate_time": 595.1236329078674, "init_time": 6.733812570571899, "num_iterations": 98, "num_new_mol": 101}