init_top5,bo_top5
-6.0,-6.099999904632568
-5.800000190734863,-5.699999809265137
-5.400000095367432,-5.699999809265137
-4.900000095367432,-5.699999809265137
-4.900000095367432,-5.400000095367432
