{"LLM_time": 1296.093585729599, "train_time": 507.91678190231323, "evaluate_time": 4304.864885091782, "init_time": 6.348772048950195, "num_iterations": 115, "num_new_mol": 101}