init_top20,bo_top20
-5.7,-6.699999809265137
-5.6,-6.400000095367432
-5.6,-6.199999809265137
-5.4,-6.199999809265137
-5.3,-6.199999809265137
-5.2,-6.099999904632568
-5.1,-6.099999904632568
-5.1,-6.099999904632568
-5.0,-6.0
-5.0,-6.0
-5.0,-5.900000095367432
-4.9,-5.800000190734863
-4.9,-5.699999809265137
-4.9,-5.699999809265137
-4.8,-5.699999809265137
-4.8,-5.699999809265137
-4.8,-5.699999809265137
-4.8,-5.599999904632568
-4.7,-5.599999904632568
-4.7,-5.599999904632568
