{"LLM_time": 595.0135114192963, "train_time": 210.33446192741394, "evaluate_time": 3734.187502861023, "init_time": 64.72164368629456, "num_iterations": 57, "num_new_mol": 100}