{"LLM_time": 527.1967487335205, "train_time": 106.40796518325806, "evaluate_time": 854.6150104999542, "init_time": 6.024668216705322, "num_iterations": 51, "num_new_mol": 102}