init_top10,bo_top10
-5.5,-6.300000190734863
-5.5,-6.300000190734863
-5.5,-6.199999809265137
-5.5,-6.199999809265137
-5.400000095367432,-6.099999904632568
-5.300000190734863,-6.099999904632568
-5.300000190734863,-6.0
-5.300000190734863,-6.0
-5.300000190734863,-6.0
-5.300000190734863,-5.900000095367432
