init_top5,bo_top5
-5.5,-6.300000190734863
-5.5,-6.300000190734863
-5.5,-6.199999809265137
-5.5,-6.199999809265137
-5.400000095367432,-6.099999904632568
