{"LLM_time": 492.1724214553833, "train_time": 4.57763671875e-05, "evaluate_time": 1638.910183429718, "init_time": 4.526829242706299, "num_iterations": 51, "num_new_mol": 101}