{"LLM_time": 357.75020122528076, "train_time": 3.62396240234375e-05, "evaluate_time": 1064.8829433918, "init_time": 3.3261423110961914, "num_iterations": 51, "num_new_mol": 100}