init_top10,bo_top10
-7.6,-7.099999904632568
-7.5,-7.0
-7.5,-6.699999809265137
-7.2,-6.699999809265137
-7.1,-6.5
-7.1,-6.5
-7.0,-6.5
-7.0,-6.400000095367432
-6.9,-6.400000095367432
-6.8,-6.400000095367432
