init_top5,bo_top5
-7.6,-7.099999904632568
-7.5,-7.0
-7.5,-6.699999809265137
-7.2,-6.699999809265137
-7.1,-6.5
