{"LLM_time": 679.1106762886047, "train_time": 323.9808852672577, "evaluate_time": 13627.461458206177, "init_time": 6.571916580200195, "num_iterations": 61, "num_new_mol": 100}