init_top20,bo_top20
-9.6,-9.600000381469728
-9.1,-9.300000190734863
-9.1,-9.300000190734863
-9.0,-9.300000190734863
-8.9,-9.100000381469728
-8.8,-9.0
-8.8,-9.0
-8.8,-9.0
-8.8,-8.899999618530273
-8.5,-8.899999618530273
-8.5,-8.800000190734863
-8.4,-8.800000190734863
-8.4,-8.800000190734863
-8.4,-8.699999809265137
-8.3,-8.699999809265137
-8.3,-8.699999809265137
-8.2,-8.699999809265137
-8.1,-8.5
-8.1,-8.300000190734863
-8.0,-8.300000190734863
