init_top1,bo_top1
-7.900000095367432,-8.100000381469727
