{"LLM_time": 1265.1901547908783, "train_time": 134.6121346950531, "evaluate_time": 4354.041998624802, "init_time": 6.706589221954346, "num_iterations": 55, "num_new_mol": 101}