init_top1,bo_top1
-7.699999809265137,-9.300000190734863
