init_top5,bo_top5
-7.699999809265137,-9.300000190734863
-7.599999904632568,-9.100000381469728
-7.5,-8.600000381469727
-7.5,-8.5
-7.300000190734863,-8.5
