{"LLM_time": 1861.1053597927094, "train_time": 268.1097388267517, "evaluate_time": 4002.976066350937, "init_time": 6.230140447616577, "num_iterations": 118, "num_new_mol": 101}