init_top5,bo_top5
-8.5,-9.300000190734863
-8.100000381469727,-9.199999809265137
-7.800000190734863,-8.5
-7.699999809265137,-8.300000190734863
-7.599999904632568,-8.0
