{"LLM_time": 680.6495409011841, "train_time": 3.981590270996094e-05, "evaluate_time": 4366.342075824738, "init_time": 8.955994129180908, "num_iterations": 62, "num_new_mol": 101}