init_top5,bo_top5
-9.699999809265137,-11.0
-9.699999809265137,-9.800000190734863
-9.399999618530272,-9.199999809265137
-9.199999809265137,-9.0
-9.100000381469728,-8.899999618530273
