init_top9,bo_top9
-9.199999809265137,-10.5
-9.199999809265137,-10.300000190734863
-9.0,-10.199999809265137
-9.0,-10.199999809265137
-8.899999618530273,-10.100000381469728
-8.899999618530273,-10.0
-8.699999809265137,-10.0
-8.399999618530273,-10.0
-8.399999618530273,-10.0
