{"LLM_time": 8476.171161413193, "train_time": 3524.8891434669495, "evaluate_time": 5758.167502164841, "init_time": 23.359322547912598, "num_iterations": 677, "num_new_mol": 100}