init_top9,bo_top9
-12.100000381469728,-10.399999618530272
-10.199999809265137,-10.300000190734863
-9.699999809265137,-10.100000381469728
-9.600000381469728,-10.100000381469728
-9.600000381469728,-10.0
-9.399999618530272,-10.0
-9.300000190734863,-9.899999618530272
-9.300000190734863,-9.899999618530272
-9.300000190734863,-9.899999618530272
