{"LLM_time": 1859.848958492279, "train_time": 800.0980529785156, "evaluate_time": 7128.4472444057465, "init_time": 7.377077579498291, "num_iterations": 152, "num_new_mol": 100}