init_top10,bo_top10
-11.100000381469728,-11.5
-10.899999618530272,-11.5
-10.800000190734863,-11.399999618530272
-10.300000190734863,-11.300000190734863
-10.199999809265137,-11.300000190734863
-10.199999809265137,-11.199999809265137
-10.100000381469728,-11.100000381469728
-10.100000381469728,-11.0
-10.100000381469728,-11.0
-10.0,-10.800000190734863
