{"LLM_time": 899.1552500724792, "train_time": 171.17132782936096, "evaluate_time": 843.3755595684052, "init_time": 6.241495847702026, "num_iterations": 76, "num_new_mol": 100}