init_top10,bo_top10
-7.300000190734863,-7.5
-6.800000190734863,-7.099999904632568
-6.699999809265137,-7.099999904632568
-6.599999904632568,-7.0
-6.599999904632568,-7.0
-6.400000095367432,-6.900000095367432
-6.400000095367432,-6.900000095367432
-6.199999809265137,-6.800000190734863
-6.099999904632568,-6.800000190734863
-6.099999904632568,-6.800000190734863
