init_top5,bo_top5
-7.300000190734863,-7.5
-6.800000190734863,-7.099999904632568
-6.699999809265137,-7.099999904632568
-6.599999904632568,-7.0
-6.599999904632568,-7.0
