init_top5,bo_top5
-11.600000381469728,-10.899999618530272
-10.5,-10.800000190734863
-10.5,-10.800000190734863
-10.100000381469728,-10.5
-10.100000381469728,-10.399999618530272
