{"LLM_time": 275.9461672306061, "train_time": 4.00543212890625e-05, "evaluate_time": 483.44614148139954, "init_time": 4.55965781211853, "num_iterations": 42, "num_new_mol": 100}