{"LLM_time": 343.0808153152466, "train_time": 4.124641418457031e-05, "evaluate_time": 826.6196928024292, "init_time": 4.3626868724823, "num_iterations": 50, "num_new_mol": 103}