init_top10,bo_top10
-6.0,-6.900000095367432
-5.8,-6.099999904632568
-5.8,-6.099999904632568
-5.7,-6.099999904632568
-5.7,-6.0
-5.6,-5.900000095367432
-5.5,-5.900000095367432
-5.5,-5.900000095367432
-5.5,-5.800000190734863
-5.4,-5.800000190734863
