{"LLM_time": 4301.272356033325, "train_time": 498.81092047691345, "evaluate_time": 9641.029388427734, "init_time": 6.204867362976074, "num_iterations": 199, "num_new_mol": 100}