init_top1,bo_top1
-10.100000381469728,-10.800000190734863
