init_top10,bo_top10
-10.100000381469728,-10.800000190734863
-9.899999618530272,-10.699999809265137
-9.699999809265137,-10.600000381469728
-9.699999809265137,-10.5
-9.600000381469728,-10.199999809265137
-9.600000381469728,-10.0
-9.5,-10.0
-9.300000190734863,-10.0
-9.100000381469728,-9.899999618530272
-9.100000381469728,-9.699999809265137
