init_top5,bo_top5
-10.100000381469728,-10.800000190734863
-9.899999618530272,-10.699999809265137
-9.699999809265137,-10.600000381469728
-9.699999809265137,-10.5
-9.600000381469728,-10.199999809265137
