{"LLM_time": 212.5409083366394, "train_time": 3.504753112792969e-05, "evaluate_time": 315.8444561958313, "init_time": 5.080992698669434, "num_iterations": 39, "num_new_mol": 102}