init_top10,bo_top10
-5.7,-5.699999809265137
-5.5,-5.699999809265137
-5.5,-5.699999809265137
-5.5,-5.599999904632568
-5.4,-5.400000095367432
-5.2,-5.400000095367432
-5.2,-5.400000095367432
-5.2,-5.400000095367432
-5.1,-5.300000190734863
-5.1,-5.300000190734863
