init_top5,bo_top5
-5.7,-5.699999809265137
-5.5,-5.699999809265137
-5.5,-5.699999809265137
-5.5,-5.599999904632568
-5.4,-5.400000095367432
