init_top5,bo_top5
-10.1,-10.300000190734863
-9.9,-10.199999809265137
-9.9,-9.5
-9.8,-9.399999618530272
-9.8,-9.399999618530272
