{"LLM_time": 578.3853356838226, "train_time": 248.01060485839844, "evaluate_time": 1111.054919242859, "init_time": 5.881004810333252, "num_iterations": 72, "num_new_mol": 102}