init_top5,bo_top5
-7.7,-7.5
-7.5,-7.300000190734863
-7.4,-7.300000190734863
-7.3,-7.199999809265137
-7.3,-7.099999904632568
