{"LLM_time": 555.4940333366394, "train_time": 4.220008850097656e-05, "evaluate_time": 3355.516474723816, "init_time": 4.663456916809082, "num_iterations": 59, "num_new_mol": 100}