{"LLM_time": 374.46826219558716, "train_time": 2.5987625122070312e-05, "evaluate_time": 2234.1014063358307, "init_time": 4.792976140975952, "num_iterations": 40, "num_new_mol": 101}