{"LLM_time": 1813.4909982681274, "train_time": 817.3862810134888, "evaluate_time": 2108.1790103912354, "init_time": 7.860993146896362, "num_iterations": 148, "num_new_mol": 101}