{"LLM_time": 33358.689326524734, "train_time": 5464.38502407074, "evaluate_time": 712.889143705368, "init_time": 11.513846635818481, "num_iterations": 2000, "num_new_mol": 11}