init_top10,bo_top10
-9.6,-10.0
-9.1,-9.199999809265137
-9.1,-8.800000190734863
-9.0,-8.699999809265137
-8.9,-8.600000381469727
-8.8,-8.5
-8.8,-8.300000190734863
-8.8,-8.199999809265137
-8.8,-8.199999809265137
-8.5,-8.100000381469727
