{"LLM_time": 3195.4775307178497, "train_time": 1086.9937191009521, "evaluate_time": 9488.397853851318, "init_time": 72.20435667037964, "num_iterations": 267, "num_new_mol": 100}