{"LLM_time": 4064.797842979431, "train_time": 1351.056837797165, "evaluate_time": 22852.15306353569, "init_time": 11.602886438369751, "num_iterations": 268, "num_new_mol": 100}