init_top1,bo_top1
-10.100000381469728,-11.699999809265137
