init_top5,bo_top5
-10.100000381469728,-11.699999809265137
-9.5,-11.0
-9.100000381469728,-10.699999809265137
-8.600000381469727,-10.699999809265137
-8.600000381469727,-10.5
