init_top20,bo_top20
-5.8,-7.5
-5.4,-7.199999809265137
-4.9,-7.0
-4.8,-6.900000095367432
-4.5,-6.800000190734863
-4.5,-6.800000190734863
-4.5,-6.800000190734863
-4.4,-6.699999809265137
-4.4,-6.599999904632568
-4.3,-6.599999904632568
-4.3,-6.599999904632568
-4.1,-6.599999904632568
-4.1,-6.599999904632568
-4.0,-6.5
-3.9,-6.5
-3.9,-6.5
-3.9,-6.400000095367432
-3.9,-6.400000095367432
-3.9,-6.400000095367432
-3.8,-6.400000095367432
