{"LLM_time": 253.61930990219116, "train_time": 4.744529724121094e-05, "evaluate_time": 303.4786455631256, "init_time": 4.795478105545044, "num_iterations": 45, "num_new_mol": 101}