{"LLM_time": 2779.073452949524, "train_time": 403.02531695365906, "evaluate_time": 3370.9985496997833, "init_time": 6.799803256988525, "num_iterations": 153, "num_new_mol": 101}