init_top1,bo_top1
-9.899999618530272,-9.699999809265137
