init_top10,bo_top10
-9.899999618530272,-9.699999809265137
-9.899999618530272,-9.399999618530272
-9.800000190734863,-9.300000190734863
-9.600000381469728,-9.199999809265137
-9.5,-8.899999618530273
-9.399999618530272,-8.899999618530273
-9.300000190734863,-8.899999618530273
-9.300000190734863,-8.899999618530273
-9.199999809265137,-8.899999618530273
-9.0,-8.800000190734863
