init_top5,bo_top5
-9.899999618530272,-9.699999809265137
-9.899999618530272,-9.399999618530272
-9.800000190734863,-9.300000190734863
-9.600000381469728,-9.199999809265137
-9.5,-8.899999618530273
