{"LLM_time": 979.050229549408, "train_time": 284.80635714530945, "evaluate_time": 6094.373448133469, "init_time": 9.247486352920532, "num_iterations": 79, "num_new_mol": 101}