{"LLM_time": 839.2314608097076, "train_time": 391.2407314777374, "evaluate_time": 5466.234006643295, "init_time": 18.83851432800293, "num_iterations": 74, "num_new_mol": 102}