init_top5,bo_top5
-11.0,-12.399999618530272
-10.300000190734863,-12.199999809265137
-10.0,-11.899999618530272
-9.899999618530272,-11.699999809265137
-9.699999809265137,-11.399999618530272
