init_top9,bo_top9
-7.1,-8.5
-7.1,-8.300000190734863
-7.1,-7.900000095367432
-7.1,-7.800000190734863
-7.0,-7.800000190734863
-7.0,-7.800000190734863
-6.9,-7.699999809265137
-6.9,-7.699999809265137
-6.9,-7.699999809265137
