{"LLM_time": 2547.55176448822, "train_time": 377.6374571323395, "evaluate_time": 2432.0433163642883, "init_time": 6.6276702880859375, "num_iterations": 160, "num_new_mol": 102}