init_top5,bo_top5
-9.600000381469728,-10.5
-9.199999809265137,-10.199999809265137
-9.199999809265137,-10.0
-9.100000381469728,-9.699999809265137
-9.0,-9.5
