{"LLM_time": 309.71444511413574, "train_time": 114.10716319084167, "evaluate_time": 1893.1603350639343, "init_time": 6.956379413604736, "num_iterations": 37, "num_new_mol": 100}