init_top9,bo_top9
-7.8,-8.399999618530273
-7.6,-8.399999618530273
-7.3,-8.300000190734863
-7.3,-8.199999809265137
-7.2,-8.199999809265137
-7.0,-8.0
-7.0,-7.900000095367432
-6.8,-7.800000190734863
-6.8,-7.800000190734863
