init_top9,bo_top9
-11.0,-12.100000381469728
-10.600000381469728,-11.800000190734863
-10.0,-11.600000381469728
-9.899999618530272,-11.5
-9.899999618530272,-11.399999618530272
-9.699999809265137,-11.300000190734863
-9.699999809265137,-11.100000381469728
-9.699999809265137,-11.100000381469728
-9.699999809265137,-11.0
