{"LLM_time": 1460.4159123897552, "train_time": 173.72774720191956, "evaluate_time": 4574.821371793747, "init_time": 8.430092811584473, "num_iterations": 71, "num_new_mol": 100}