init_top5,bo_top5
-6.5,-6.699999809265137
-6.400000095367432,-6.400000095367432
-6.199999809265137,-6.400000095367432
-6.199999809265137,-6.400000095367432
-6.199999809265137,-6.400000095367432
