{"LLM_time": 1372.5540039539337, "train_time": 331.98275208473206, "evaluate_time": 13602.866442203522, "init_time": 17.265138626098633, "num_iterations": 93, "num_new_mol": 100}