{"LLM_time": 2160.6138586997986, "train_time": 745.3782339096069, "evaluate_time": 4676.8076322078705, "init_time": 34.125773191452026, "num_iterations": 182, "num_new_mol": 100}