init_top20,bo_top20
-10.6,-9.699999809265137
-9.1,-9.100000381469728
-8.9,-9.0
-8.9,-8.800000190734863
-8.6,-8.699999809265137
-8.4,-8.399999618530273
-8.3,-8.300000190734863
-8.3,-8.100000381469727
-8.3,-8.100000381469727
-8.3,-8.0
-8.2,-8.0
-8.1,-7.900000095367432
-8.1,-7.900000095367432
-8.1,-7.900000095367432
-8.0,-7.800000190734863
-7.8,-7.800000190734863
-7.7,-7.800000190734863
-7.6,-7.699999809265137
-7.5,-7.699999809265137
-7.5,-7.599999904632568
