init_top5,bo_top5
-10.6,-9.699999809265137
-9.1,-9.100000381469728
-8.9,-9.0
-8.9,-8.800000190734863
-8.6,-8.699999809265137
