{"LLM_time": 1648.3934359550476, "train_time": 255.6243348121643, "evaluate_time": 2472.19793510437, "init_time": 6.454990386962891, "num_iterations": 108, "num_new_mol": 100}