init_top10,bo_top10
-11.300000190734863,-12.399999618530272
-10.300000190734863,-10.899999618530272
-10.0,-10.899999618530272
-9.699999809265137,-10.899999618530272
-9.600000381469728,-10.600000381469728
-9.600000381469728,-10.5
-9.600000381469728,-10.5
-9.5,-10.300000190734863
-9.399999618530272,-10.199999809265137
-9.399999618530272,-10.0
