init_top1,bo_top1
-11.300000190734863,-12.399999618530272
