init_top5,bo_top5
-8.600000381469727,-8.199999809265137
-8.300000190734863,-7.699999809265137
-8.0,-7.699999809265137
-7.800000190734863,-7.599999904632568
-7.800000190734863,-7.5
