{"LLM_time": 531.090416431427, "train_time": 3.1948089599609375e-05, "evaluate_time": 2365.0917661190033, "init_time": 4.416417837142944, "num_iterations": 48, "num_new_mol": 101}