{"LLM_time": 1735.8628942966461, "train_time": 216.00964951515198, "evaluate_time": 5120.862965345383, "init_time": 6.754272222518921, "num_iterations": 87, "num_new_mol": 102}