init_top5,bo_top5
-9.0,-8.300000190734863
-8.0,-8.0
-8.0,-7.900000095367432
-8.0,-7.900000095367432
-7.900000095367432,-7.699999809265137
