{"LLM_time": 2514.9070749282837, "train_time": 284.01115679740906, "evaluate_time": 9215.472492218018, "init_time": 6.954140901565552, "num_iterations": 106, "num_new_mol": 100}