init_top1,bo_top1
-9.199999809265137,-9.399999618530272
