init_top10,bo_top10
-9.199999809265137,-9.399999618530272
-9.0,-9.399999618530272
-8.600000381469727,-9.300000190734863
-8.300000190734863,-9.199999809265137
-8.300000190734863,-9.100000381469728
-8.300000190734863,-9.100000381469728
-8.300000190734863,-9.100000381469728
-8.199999809265137,-9.100000381469728
-8.100000381469727,-9.0
-8.0,-9.0
