init_top5,bo_top5
-9.199999809265137,-9.399999618530272
-9.0,-9.399999618530272
-8.600000381469727,-9.300000190734863
-8.300000190734863,-9.199999809265137
-8.300000190734863,-9.100000381469728
