{"LLM_time": 1531.6718318462372, "train_time": 288.50860595703125, "evaluate_time": 936.0456714630127, "init_time": 6.0267369747161865, "num_iterations": 126, "num_new_mol": 100}