init_top5,bo_top5
-9.699999809265137,-11.800000190734863
-9.5,-11.800000190734863
-9.0,-11.199999809265137
-8.600000381469727,-11.199999809265137
-8.600000381469727,-11.199999809265137
