init_top9,bo_top9
-13.100000381469728,-11.600000381469728
-11.5,-11.399999618530272
-11.0,-11.300000190734863
-10.800000190734863,-11.100000381469728
-10.600000381469728,-10.899999618530272
-10.300000190734863,-10.899999618530272
-10.300000190734863,-10.800000190734863
-10.300000190734863,-10.800000190734863
-10.199999809265137,-10.800000190734863
