{"LLM_time": 3614.7688994407654, "train_time": 348.703173160553, "evaluate_time": 14515.995847702026, "init_time": 7.7775843143463135, "num_iterations": 141, "num_new_mol": 101}