init_top1,bo_top1
-6.800000190734863,-7.800000190734863
