init_top5,bo_top5
-6.800000190734863,-7.800000190734863
-6.699999809265137,-7.599999904632568
-6.599999904632568,-7.599999904632568
-6.5,-7.5
-6.5,-7.400000095367432
