{"LLM_time": 424.9038898944855, "train_time": 3.838539123535156e-05, "evaluate_time": 1144.2565507888794, "init_time": 4.363974094390869, "num_iterations": 49, "num_new_mol": 100}