init_top1,bo_top1
-9.699999809265137,-8.600000381469727
