{"LLM_time": 633.903177022934, "train_time": 5.2928924560546875e-05, "evaluate_time": 1424.3542897701263, "init_time": 4.610880613327026, "num_iterations": 62, "num_new_mol": 103}