init_top9,bo_top9
-7.6,-8.699999809265137
-7.6,-8.5
-7.4,-8.5
-7.3,-8.399999618530273
-7.2,-8.300000190734863
-7.0,-8.300000190734863
-6.9,-8.199999809265137
-6.9,-8.100000381469727
-6.9,-8.100000381469727
