init_top9,bo_top9
-6.1,-6.900000095367432
-5.9,-6.400000095367432
-5.7,-6.199999809265137
-5.6,-6.099999904632568
-5.3,-6.099999904632568
-5.2,-5.900000095367432
-5.2,-5.699999809265137
-5.1,-5.699999809265137
-5.0,-5.699999809265137
