init_top10,bo_top10
-6.4,-6.199999809265137
-6.3,-6.199999809265137
-6.2,-6.199999809265137
-6.1,-6.199999809265137
-6.1,-6.199999809265137
-6.1,-6.199999809265137
-6.1,-6.099999904632568
-6.0,-6.099999904632568
-5.7,-6.0
-5.7,-5.900000095367432
