init_top9,bo_top9
-6.2,-6.300000190734863
-6.1,-6.0
-6.1,-6.0
-6.1,-6.0
-6.1,-5.900000095367432
-6.0,-5.800000190734863
-5.9,-5.800000190734863
-5.9,-5.800000190734863
-5.8,-5.699999809265137
