{"LLM_time": 1792.7999048233032, "train_time": 223.99893045425415, "evaluate_time": 7355.98180603981, "init_time": 7.242837190628052, "num_iterations": 92, "num_new_mol": 101}