init_top10,bo_top10
-9.199999809265137,-10.0
-9.100000381469728,-9.699999809265137
-9.0,-9.600000381469728
-8.899999618530273,-9.5
-8.800000190734863,-9.300000190734863
-8.5,-9.300000190734863
-8.399999618530273,-9.199999809265137
-8.300000190734863,-9.199999809265137
-8.300000190734863,-9.100000381469728
-8.300000190734863,-9.100000381469728
