init_top5,bo_top5
-7.3,-7.599999904632568
-7.2,-7.5
-7.2,-7.400000095367432
-7.2,-7.0
-7.1,-6.900000095367432
