init_top9,bo_top9
-7.5,-7.800000190734863
-7.4,-7.599999904632568
-7.1,-7.5
-7.1,-7.300000190734863
-7.0,-7.300000190734863
-7.0,-7.199999809265137
-7.0,-7.199999809265137
-6.9,-7.199999809265137
-6.8,-7.099999904632568
