init_top10,bo_top10
-8.6,-9.0
-8.5,-9.0
-8.4,-8.800000190734863
-7.8,-8.5
-7.7,-8.399999618530273
-7.6,-8.399999618530273
-7.6,-8.399999618530273
-7.4,-8.300000190734863
-7.1,-8.300000190734863
-7.0,-8.300000190734863
