{"LLM_time": 3230.4390263557434, "train_time": 656.4421882629395, "evaluate_time": 10632.547591686249, "init_time": 7.379249095916748, "num_iterations": 188, "num_new_mol": 101}