init_top5,bo_top5
-10.399999618530272,-10.5
-10.199999809265137,-9.899999618530272
-10.0,-9.800000190734863
-9.899999618530272,-9.800000190734863
-9.600000381469728,-9.800000190734863
