init_top9,bo_top9
-10.199999809265137,-10.899999618530272
-10.100000381469728,-10.699999809265137
-10.0,-10.300000190734863
-9.800000190734863,-10.0
-9.600000381469728,-9.899999618530272
-9.600000381469728,-9.899999618530272
-9.5,-9.800000190734863
-9.399999618530272,-9.800000190734863
-9.300000190734863,-9.800000190734863
