{"LLM_time": 468.7023096084595, "train_time": 3.6716461181640625e-05, "evaluate_time": 1208.3286831378937, "init_time": 7.54837441444397, "num_iterations": 47, "num_new_mol": 102}