{"LLM_time": 667.8974707126617, "train_time": 4.649162292480469e-05, "evaluate_time": 2428.1678631305695, "init_time": 5.007899522781372, "num_iterations": 60, "num_new_mol": 100}