init_top10,bo_top10
-11.100000381469728,-11.300000190734863
-11.0,-11.0
-10.800000190734863,-11.0
-10.399999618530272,-10.899999618530272
-10.100000381469728,-10.899999618530272
-9.899999618530272,-10.600000381469728
-9.800000190734863,-10.600000381469728
-9.800000190734863,-10.600000381469728
-9.800000190734863,-10.600000381469728
-9.600000381469728,-10.5
