{"LLM_time": 1260.105944633484, "train_time": 606.6954436302185, "evaluate_time": 2965.3613131046295, "init_time": 7.446548938751221, "num_iterations": 109, "num_new_mol": 101}