{"LLM_time": 1822.3944282531738, "train_time": 1099.2312185764313, "evaluate_time": 1559.424711227417, "init_time": 8.729477882385254, "num_iterations": 219, "num_new_mol": 100}