init_top9,bo_top9
-11.7,-13.0
-11.6,-12.0
-10.8,-11.5
-10.6,-11.0
-10.4,-10.800000190734863
-10.3,-10.699999809265137
-10.1,-10.5
-10.0,-10.399999618530272
-10.0,-10.300000190734863
