{"LLM_time": 1583.640728712082, "train_time": 171.88583970069885, "evaluate_time": 8747.509903430939, "init_time": 7.1128013134002686, "num_iterations": 69, "num_new_mol": 101}