init_top1,bo_top1
-10.800000190734863,-10.699999809265137
