init_top1,bo_top1
-9.399999618530272,-9.800000190734863
