init_top5,bo_top5
-9.399999618530272,-9.800000190734863
-9.100000381469728,-9.699999809265137
-8.600000381469727,-9.5
-8.5,-9.5
-8.399999618530273,-9.5
