{"LLM_time": 533.1815619468689, "train_time": 4.2438507080078125e-05, "evaluate_time": 1318.3965725898743, "init_time": 5.078412294387817, "num_iterations": 57, "num_new_mol": 100}