init_top10,bo_top10
-9.4,-9.699999809265137
-9.4,-9.300000190734863
-9.4,-9.199999809265137
-9.0,-9.0
-9.0,-9.0
-8.8,-8.699999809265137
-8.8,-8.699999809265137
-8.8,-8.600000381469727
-8.6,-8.600000381469727
-8.6,-8.399999618530273
