init_top9,bo_top9
-8.9,-9.199999809265137
-8.8,-9.0
-8.6,-8.800000190734863
-8.5,-8.800000190734863
-8.4,-8.800000190734863
-8.4,-8.699999809265137
-8.3,-8.600000381469727
-8.3,-8.5
-8.1,-8.399999618530273
