{"LLM_time": 1734.0934171676636, "train_time": 275.01203751564026, "evaluate_time": 1896.772165775299, "init_time": 6.257777452468872, "num_iterations": 117, "num_new_mol": 100}