init_top5,bo_top5
-7.900000095367432,-8.0
-7.599999904632568,-7.900000095367432
-7.5,-7.800000190734863
-7.5,-7.699999809265137
-7.099999904632568,-7.699999809265137
