{"LLM_time": 486.7266812324524, "train_time": 232.7524118423462, "evaluate_time": 1148.0628447532654, "init_time": 8.680978298187256, "num_iterations": 55, "num_new_mol": 101}