{"LLM_time": 727.0874681472778, "train_time": 4.315376281738281e-05, "evaluate_time": 3189.450112581253, "init_time": 4.494111776351929, "num_iterations": 60, "num_new_mol": 101}