{"LLM_time": 6828.458688259125, "train_time": 2469.062878847122, "evaluate_time": 8705.694368839264, "init_time": 9.191353559494019, "num_iterations": 440, "num_new_mol": 100}