init_top5,bo_top5
-11.199999809265137,-12.399999618530272
-10.199999809265137,-11.699999809265137
-10.0,-11.600000381469728
-10.0,-11.600000381469728
-9.699999809265137,-11.5
