{"LLM_time": 654.630832195282, "train_time": 4.601478576660156e-05, "evaluate_time": 4730.30052781105, "init_time": 4.3968400955200195, "num_iterations": 67, "num_new_mol": 102}