{"LLM_time": 438.4786081314087, "train_time": 5.602836608886719e-05, "evaluate_time": 569.662841796875, "init_time": 4.978770732879639, "num_iterations": 67, "num_new_mol": 100}