init_top20,bo_top20
-6.4,-6.199999809265137
-6.3,-6.199999809265137
-6.2,-6.199999809265137
-6.1,-6.199999809265137
-6.1,-6.199999809265137
-6.1,-6.199999809265137
-6.1,-6.099999904632568
-6.0,-6.099999904632568
-5.7,-6.0
-5.7,-5.900000095367432
-5.7,-5.900000095367432
-5.6,-5.900000095367432
-5.6,-5.900000095367432
-5.6,-5.800000190734863
-5.5,-5.800000190734863
-5.5,-5.800000190734863
-5.5,-5.800000190734863
-5.5,-5.800000190734863
-5.5,-5.699999809265137
-5.4,-5.699999809265137
