init_top5,bo_top5
-11.899999618530272,-12.699999809265137
-11.800000190734863,-12.5
-11.600000381469728,-12.5
-11.600000381469728,-12.399999618530272
-11.399999618530272,-12.300000190734863
