init_top9,bo_top9
-12.0,-13.199999809265137
-11.899999618530272,-12.899999618530272
-11.699999809265137,-12.899999618530272
-11.600000381469728,-12.600000381469728
-11.5,-12.399999618530272
-11.300000190734863,-12.399999618530272
-11.199999809265137,-12.199999809265137
-11.100000381469728,-11.899999618530272
-11.100000381469728,-11.899999618530272
