{"LLM_time": 1668.6642754077911, "train_time": 773.2266664505005, "evaluate_time": 1891.1517269611359, "init_time": 8.844956636428833, "num_iterations": 181, "num_new_mol": 100}