init_top20,bo_top20
-7.7,-7.5
-7.5,-7.300000190734863
-7.4,-7.300000190734863
-7.3,-7.199999809265137
-7.3,-7.099999904632568
-7.3,-7.099999904632568
-7.3,-7.099999904632568
-7.2,-7.099999904632568
-7.2,-7.099999904632568
-7.1,-7.0
-7.1,-7.0
-6.9,-6.900000095367432
-6.9,-6.800000190734863
-6.8,-6.800000190734863
-6.8,-6.800000190734863
-6.8,-6.699999809265137
-6.8,-6.599999904632568
-6.7,-6.599999904632568
-6.7,-6.5
-6.6,-6.400000095367432
