{"LLM_time": 2838.767920732498, "train_time": 365.27006006240845, "evaluate_time": 4685.842901468277, "init_time": 6.796083688735962, "num_iterations": 143, "num_new_mol": 100}