init_top5,bo_top5
-9.100000381469728,-10.0
-9.0,-9.399999618530272
-8.699999809265137,-9.300000190734863
-8.600000381469727,-8.899999618530273
-8.5,-8.899999618530273
