{"LLM_time": 616.345822095871, "train_time": 5.1021575927734375e-05, "evaluate_time": 1124.2843239307404, "init_time": 4.287407398223877, "num_iterations": 65, "num_new_mol": 100}