{"LLM_time": 2726.2425842285156, "train_time": 301.02814769744873, "evaluate_time": 13129.591605186462, "init_time": 6.428173542022705, "num_iterations": 122, "num_new_mol": 100}