init_top1,bo_top1
-7.699999809265137,-8.399999618530273
