init_top5,bo_top5
-7.699999809265137,-8.399999618530273
-7.699999809265137,-8.100000381469727
-7.599999904632568,-8.0
-7.5,-7.800000190734863
-7.400000095367432,-7.800000190734863
