{"LLM_time": 459.7280294895172, "train_time": 4.76837158203125e-05, "evaluate_time": 5329.538699150085, "init_time": 4.740710020065308, "num_iterations": 61, "num_new_mol": 101}