init_top5,bo_top5
-8.6,-9.5
-8.5,-9.300000190734863
-8.4,-9.199999809265137
-8.2,-9.0
-7.8,-9.0
