{"LLM_time": 671.7576875686646, "train_time": 123.0283260345459, "evaluate_time": 936.6736974716187, "init_time": 6.239316463470459, "num_iterations": 65, "num_new_mol": 100}