init_top10,bo_top10
-5.5,-6.400000095367432
-5.300000190734863,-6.099999904632568
-5.099999904632568,-5.900000095367432
-5.0,-5.900000095367432
-4.900000095367432,-5.5
-4.900000095367432,-5.5
-4.800000190734863,-5.400000095367432
-4.599999904632568,-5.300000190734863
-4.400000095367432,-5.300000190734863
-4.400000095367432,-5.300000190734863
