{"LLM_time": 1539.1759660243988, "train_time": 798.1975190639496, "evaluate_time": 1644.030963897705, "init_time": 9.902210235595703, "num_iterations": 147, "num_new_mol": 101}