{"LLM_time": 1323.9850189685822, "train_time": 519.1198287010193, "evaluate_time": 2914.8806595802307, "init_time": 9.226686000823975, "num_iterations": 107, "num_new_mol": 100}