init_top1,bo_top1
-11.899999618530272,-12.699999809265137
