{"LLM_time": 1591.9960434436798, "train_time": 540.2213294506073, "evaluate_time": 4255.966171979904, "init_time": 8.747096538543701, "num_iterations": 139, "num_new_mol": 100}