{"LLM_time": 1179.5250883102417, "train_time": 588.3407588005066, "evaluate_time": 1367.5017261505127, "init_time": 7.369295597076416, "num_iterations": 112, "num_new_mol": 104}