init_top1,bo_top1
-11.100000381469728,-11.300000190734863
