init_top10,bo_top10
-9.6,-9.699999809265137
-9.2,-9.5
-9.1,-9.300000190734863
-9.1,-9.300000190734863
-8.9,-9.300000190734863
-8.7,-9.199999809265137
-8.7,-9.199999809265137
-8.6,-9.0
-8.5,-9.0
-8.3,-8.800000190734863
