init_top1,bo_top1
-11.199999809265137,-12.699999809265137
