{"LLM_time": 2754.7608363628387, "train_time": 308.9169886112213, "evaluate_time": 7407.919677972794, "init_time": 6.324178695678711, "num_iterations": 122, "num_new_mol": 100}