init_top10,bo_top10
-9.800000190734863,-12.199999809265137
-9.5,-11.5
-9.300000190734863,-11.300000190734863
-9.199999809265137,-11.199999809265137
-9.199999809265137,-11.0
-9.199999809265137,-11.0
-9.100000381469728,-10.899999618530272
-9.100000381469728,-10.800000190734863
-9.0,-10.800000190734863
-9.0,-10.800000190734863
