init_top5,bo_top5
-9.800000190734863,-12.199999809265137
-9.5,-11.5
-9.300000190734863,-11.300000190734863
-9.199999809265137,-11.199999809265137
-9.199999809265137,-11.0
