init_top10,bo_top10
-9.699999809265137,-8.600000381469727
-9.300000190734863,-8.5
-9.0,-8.300000190734863
-8.800000190734863,-8.0
-8.600000381469727,-8.0
-8.199999809265137,-7.900000095367432
-7.900000095367432,-7.900000095367432
-7.900000095367432,-7.900000095367432
-7.800000190734863,-7.800000190734863
-7.800000190734863,-7.699999809265137
