{"LLM_time": 366.06849479675293, "train_time": 3.457069396972656e-05, "evaluate_time": 1118.559805393219, "init_time": 2.990941286087036, "num_iterations": 47, "num_new_mol": 100}