init_top5,bo_top5
-11.300000190734863,-9.899999618530272
-10.699999809265137,-9.699999809265137
-10.399999618530272,-9.5
-10.300000190734863,-9.199999809265137
-10.199999809265137,-9.199999809265137
