init_top9,bo_top9
-10.699999809265137,-11.5
-10.300000190734863,-11.300000190734863
-10.300000190734863,-11.0
-10.300000190734863,-10.899999618530272
-10.100000381469728,-10.899999618530272
-9.800000190734863,-10.899999618530272
-9.800000190734863,-10.800000190734863
-9.699999809265137,-10.699999809265137
-9.5,-10.600000381469728
