{"LLM_time": 1582.637083530426, "train_time": 347.3858678340912, "evaluate_time": 5354.177937030792, "init_time": 7.3721020221710205, "num_iterations": 113, "num_new_mol": 100}