{"LLM_time": 3633.9876732826233, "train_time": 1291.1421070098877, "evaluate_time": 9781.224851369858, "init_time": 8.08141303062439, "num_iterations": 245, "num_new_mol": 100}