init_top1,bo_top1
-8.899999618530273,-13.199999809265137
