init_top5,bo_top5
-8.899999618530273,-13.199999809265137
-8.800000190734863,-11.399999618530272
-8.699999809265137,-10.699999809265137
-8.699999809265137,-10.699999809265137
-8.300000190734863,-10.699999809265137
