init_top9,bo_top9
-8.699999809265137,-10.0
-8.600000381469727,-9.800000190734863
-8.5,-9.699999809265137
-8.5,-9.600000381469728
-8.399999618530273,-9.5
-8.399999618530273,-9.399999618530272
-8.300000190734863,-9.199999809265137
-8.300000190734863,-9.100000381469728
-8.199999809265137,-9.100000381469728
