{"LLM_time": 12684.514409303665, "train_time": 1167.845731973648, "evaluate_time": 17598.599094629288, "init_time": 6.076707601547241, "num_iterations": 462, "num_new_mol": 100}