init_top1,bo_top1
-10.800000190734863,-14.399999618530272
