init_top10,bo_top10
-10.800000190734863,-14.399999618530272
-10.699999809265137,-14.399999618530272
-10.600000381469728,-14.399999618530272
-10.600000381469728,-14.300000190734863
-10.300000190734863,-14.100000381469728
-10.100000381469728,-13.899999618530272
-10.0,-13.800000190734863
-9.899999618530272,-13.5
-9.800000190734863,-13.300000190734863
-9.800000190734863,-13.199999809265137
