init_top5,bo_top5
-10.800000190734863,-14.399999618530272
-10.699999809265137,-14.399999618530272
-10.600000381469728,-14.399999618530272
-10.600000381469728,-14.300000190734863
-10.300000190734863,-14.100000381469728
