init_top10,bo_top10
-10.399999618530272,-9.699999809265137
-9.899999618530272,-9.0
-9.600000381469728,-8.699999809265137
-9.100000381469728,-8.699999809265137
-9.100000381469728,-8.699999809265137
-8.899999618530273,-8.600000381469727
-8.899999618530273,-8.5
-8.800000190734863,-8.399999618530273
-8.600000381469727,-8.399999618530273
-8.300000190734863,-8.399999618530273
