{"LLM_time": 1239.3790469169617, "train_time": 768.8750891685486, "evaluate_time": 635.3219475746155, "init_time": 7.1751134395599365, "num_iterations": 185, "num_new_mol": 102}