init_top9,bo_top9
-8.399999618530273,-7.800000190734863
-7.900000095367432,-7.5
-7.900000095367432,-7.0
-7.699999809265137,-6.900000095367432
-7.699999809265137,-6.900000095367432
-7.5,-6.900000095367432
-7.099999904632568,-6.699999809265137
-7.0,-6.599999904632568
-7.0,-6.400000095367432
