{"LLM_time": 1809.1397745609283, "train_time": 708.3124918937683, "evaluate_time": 1374.1486475467682, "init_time": 7.081845760345459, "num_iterations": 204, "num_new_mol": 100}