init_top5,bo_top5
-11.300000190734863,-12.300000190734863
-10.699999809265137,-11.600000381469728
-10.399999618530272,-10.800000190734863
-10.300000190734863,-10.800000190734863
-10.199999809265137,-10.800000190734863
