{"LLM_time": 4420.767051458359, "train_time": 521.1645603179932, "evaluate_time": 14514.807922363281, "init_time": 6.757633686065674, "num_iterations": 213, "num_new_mol": 100}