init_top10,bo_top10
-8.800000190734863,-9.100000381469728
-8.800000190734863,-8.800000190734863
-8.699999809265137,-8.600000381469727
-8.699999809265137,-8.5
-8.600000381469727,-8.5
-8.600000381469727,-8.5
-8.5,-8.5
-8.399999618530273,-8.399999618530273
-8.300000190734863,-8.399999618530273
-8.300000190734863,-8.399999618530273
