init_top1,bo_top1
-8.800000190734863,-9.100000381469728
