init_top5,bo_top5
-13.199999809265137,-15.300000190734863
-12.5,-14.800000190734863
-12.5,-14.399999618530272
-12.199999809265137,-14.399999618530272
-12.100000381469728,-14.0
