init_top10,bo_top10
-6.5,-7.199999809265137
-6.400000095367432,-7.199999809265137
-6.400000095367432,-7.199999809265137
-6.400000095367432,-7.099999904632568
-6.300000190734863,-6.900000095367432
-6.199999809265137,-6.599999904632568
-6.199999809265137,-6.599999904632568
-6.199999809265137,-6.599999904632568
-6.099999904632568,-6.599999904632568
-6.099999904632568,-6.5
