init_top9,bo_top9
-7.0,-7.0
-6.7,-6.699999809265137
-6.6,-6.699999809265137
-6.5,-6.699999809265137
-6.3,-6.699999809265137
-6.3,-6.5
-6.2,-6.400000095367432
-6.1,-6.400000095367432
-6.1,-6.300000190734863
