{"LLM_time": 2674.282522916794, "train_time": 946.7355105876923, "evaluate_time": 6762.638918876648, "init_time": 7.234880685806274, "num_iterations": 199, "num_new_mol": 100}