init_top9,bo_top9
-10.100000381469728,-11.600000381469728
-9.800000190734863,-11.300000190734863
-9.100000381469728,-11.100000381469728
-8.600000381469727,-11.0
-8.5,-11.0
-8.399999618530273,-10.5
-8.300000190734863,-10.5
-8.300000190734863,-10.5
-8.199999809265137,-10.300000190734863
