{"LLM_time": 2834.68910074234, "train_time": 294.0526854991913, "evaluate_time": 13919.720205068588, "init_time": 9.548755645751953, "num_iterations": 109, "num_new_mol": 100}