init_top10,bo_top10
-9.699999809265137,-10.399999618530272
-9.600000381469728,-10.199999809265137
-9.0,-10.199999809265137
-8.899999618530273,-9.899999618530272
-8.800000190734863,-9.800000190734863
-8.699999809265137,-9.699999809265137
-8.699999809265137,-9.699999809265137
-8.699999809265137,-9.600000381469728
-8.600000381469727,-9.600000381469728
-8.5,-9.600000381469728
