init_top5,bo_top5
-9.699999809265137,-10.399999618530272
-9.600000381469728,-10.199999809265137
-9.0,-10.199999809265137
-8.899999618530273,-9.899999618530272
-8.800000190734863,-9.800000190734863
