{"LLM_time": 2327.798452615738, "train_time": 467.11159324645996, "evaluate_time": 15131.56471657753, "init_time": 52.07454514503479, "num_iterations": 125, "num_new_mol": 102}