init_top9,bo_top9
-14.899999618530272,-15.800000190734863
-11.899999618530272,-15.600000381469728
-11.600000381469728,-15.100000381469728
-11.600000381469728,-15.100000381469728
-11.5,-15.0
-11.5,-15.0
-11.5,-14.800000190734863
-11.399999618530272,-14.800000190734863
-11.300000190734863,-14.800000190734863
