{"LLM_time": 1368.7093057632446, "train_time": 252.30404949188232, "evaluate_time": 952.8527312278748, "init_time": 6.588995695114136, "num_iterations": 108, "num_new_mol": 101}