init_top5,bo_top5
-7.800000190734863,-8.100000381469727
-7.400000095367432,-8.100000381469727
-7.0,-7.800000190734863
-6.900000095367432,-7.699999809265137
-6.699999809265137,-7.699999809265137
