{"LLM_time": 4154.474759817123, "train_time": 470.3729133605957, "evaluate_time": 9913.332186937332, "init_time": 6.511151075363159, "num_iterations": 188, "num_new_mol": 101}