init_top5,bo_top5
-8.800000190734863,-12.5
-8.800000190734863,-11.399999618530272
-8.699999809265137,-11.0
-8.699999809265137,-10.699999809265137
-8.600000381469727,-10.5
