{"LLM_time": 352.002384185791, "train_time": 190.52484679222107, "evaluate_time": 1757.8334167003632, "init_time": 74.42754006385803, "num_iterations": 41, "num_new_mol": 100}