{"LLM_time": 432.37303042411804, "train_time": 201.9064061641693, "evaluate_time": 283.5761065483093, "init_time": 8.9856698513031, "num_iterations": 68, "num_new_mol": 100}