{"LLM_time": 8196.70640540123, "train_time": 2855.1996800899506, "evaluate_time": 4198.515506267548, "init_time": 8.407193660736084, "num_iterations": 766, "num_new_mol": 100}