init_top5,bo_top5
-9.0,-9.0
-9.0,-8.399999618530273
-8.5,-8.199999809265137
-8.100000381469727,-8.100000381469727
-8.0,-8.0
