{"LLM_time": 16615.178178071976, "train_time": 6314.6603310108185, "evaluate_time": 646.5617725849152, "init_time": 11.186294317245483, "num_iterations": 2000, "num_new_mol": 49}