init_top10,bo_top10
-7.6,-8.399999618530273
-7.5,-8.199999809265137
-7.5,-8.199999809265137
-7.2,-7.900000095367432
-7.1,-7.599999904632568
-7.1,-7.5
-7.0,-7.5
-7.0,-7.300000190734863
-6.9,-7.300000190734863
-6.8,-7.0
