init_top5,bo_top5
-7.6,-8.399999618530273
-7.5,-8.199999809265137
-7.5,-8.199999809265137
-7.2,-7.900000095367432
-7.1,-7.599999904632568
