{"LLM_time": 3020.6859102249146, "train_time": 873.1044945716858, "evaluate_time": 6497.398461341858, "init_time": 8.857230186462402, "num_iterations": 244, "num_new_mol": 101}