init_top5,bo_top5
-8.5,-9.399999618530272
-8.199999809265137,-9.199999809265137
-8.199999809265137,-8.899999618530273
-8.0,-8.699999809265137
-7.699999809265137,-8.5
