{"LLM_time": 2057.620271921158, "train_time": 224.5428740978241, "evaluate_time": 16447.77133655548, "init_time": 6.117696523666382, "num_iterations": 95, "num_new_mol": 100}