init_top10,bo_top10
-12.600000381469728,-13.399999618530272
-12.199999809265137,-13.199999809265137
-12.100000381469728,-13.0
-11.699999809265137,-12.600000381469728
-11.600000381469728,-12.600000381469728
-11.600000381469728,-12.5
-11.399999618530272,-12.5
-11.399999618530272,-12.5
-11.199999809265137,-12.399999618530272
-11.199999809265137,-12.399999618530272
