init_top1,bo_top1
-12.600000381469728,-13.399999618530272
