init_top5,bo_top5
-12.600000381469728,-13.399999618530272
-12.199999809265137,-13.199999809265137
-12.100000381469728,-13.0
-11.699999809265137,-12.600000381469728
-11.600000381469728,-12.600000381469728
