{"LLM_time": 2073.500664949417, "train_time": 229.95757603645325, "evaluate_time": 2172.3693413734436, "init_time": 6.564629077911377, "num_iterations": 96, "num_new_mol": 101}