init_top1,bo_top1
-5.800000190734863,-6.599999904632568
