init_top5,bo_top5
-8.699999809265137,-9.399999618530272
-7.900000095367432,-9.100000381469728
-7.800000190734863,-8.899999618530273
-7.800000190734863,-8.899999618530273
-7.599999904632568,-8.800000190734863
