{"LLM_time": 8167.761742353439, "train_time": 844.4630963802338, "evaluate_time": 12894.444314479828, "init_time": 9.150671005249023, "num_iterations": 330, "num_new_mol": 100}