init_top10,bo_top10
-10.300000190734863,-10.699999809265137
-10.0,-10.600000381469728
-9.300000190734863,-10.5
-9.300000190734863,-10.5
-9.300000190734863,-10.399999618530272
-9.199999809265137,-10.399999618530272
-9.199999809265137,-10.199999809265137
-9.199999809265137,-10.199999809265137
-9.0,-10.100000381469728
-8.899999618530273,-10.100000381469728
