init_top5,bo_top5
-10.300000190734863,-10.699999809265137
-10.0,-10.600000381469728
-9.300000190734863,-10.5
-9.300000190734863,-10.5
-9.300000190734863,-10.399999618530272
