init_top9,bo_top9
-10.399999618530272,-10.100000381469728
-10.399999618530272,-9.800000190734863
-9.699999809265137,-9.800000190734863
-9.5,-9.800000190734863
-9.399999618530272,-9.699999809265137
-9.300000190734863,-9.600000381469728
-9.199999809265137,-9.600000381469728
-9.100000381469728,-9.5
-9.0,-9.5
