{"LLM_time": 2119.059831380844, "train_time": 347.7657027244568, "evaluate_time": 1563.722225189209, "init_time": 7.021636724472046, "num_iterations": 132, "num_new_mol": 100}