init_top10,bo_top10
-7.400000095367432,-7.5
-7.400000095367432,-7.400000095367432
-7.099999904632568,-7.300000190734863
-6.800000190734863,-7.199999809265137
-6.5,-7.099999904632568
-6.300000190734863,-6.900000095367432
-6.199999809265137,-6.900000095367432
-6.199999809265137,-6.900000095367432
-6.199999809265137,-6.900000095367432
-6.099999904632568,-6.800000190734863
