init_top5,bo_top5
-7.400000095367432,-7.5
-7.400000095367432,-7.400000095367432
-7.099999904632568,-7.300000190734863
-6.800000190734863,-7.199999809265137
-6.5,-7.099999904632568
