{"LLM_time": 690.1193544864655, "train_time": 367.07472491264343, "evaluate_time": 841.5220489501953, "init_time": 7.169506072998047, "num_iterations": 76, "num_new_mol": 100}