{"LLM_time": 1429.9254503250122, "train_time": 209.90929794311523, "evaluate_time": 2908.039080142975, "init_time": 6.528526782989502, "num_iterations": 90, "num_new_mol": 100}