init_top10,bo_top10
-11.699999809265137,-11.5
-11.199999809265137,-11.399999618530272
-11.100000381469728,-11.0
-10.399999618530272,-10.800000190734863
-10.199999809265137,-10.699999809265137
-10.0,-10.699999809265137
-10.0,-10.399999618530272
-9.800000190734863,-10.199999809265137
-9.699999809265137,-10.199999809265137
-9.699999809265137,-10.100000381469728
