init_top5,bo_top5
-11.699999809265137,-11.5
-11.199999809265137,-11.399999618530272
-11.100000381469728,-11.0
-10.399999618530272,-10.800000190734863
-10.199999809265137,-10.699999809265137
