{"LLM_time": 433.4115822315216, "train_time": 5.3882598876953125e-05, "evaluate_time": 280.7898681163788, "init_time": 6.821160078048706, "num_iterations": 63, "num_new_mol": 100}