init_top5,bo_top5
-6.2,-6.199999809265137
-6.1,-6.099999904632568
-6.0,-6.0
-6.0,-6.0
-5.9,-5.900000095367432
