init_top5,bo_top5
-11.100000381469728,-11.300000190734863
-11.0,-11.0
-10.800000190734863,-11.0
-10.399999618530272,-10.899999618530272
-10.100000381469728,-10.899999618530272
