init_top5,bo_top5
-9.5,-9.5
-9.199999809265137,-9.199999809265137
-9.100000381469728,-9.100000381469728
-9.0,-8.899999618530273
-8.699999809265137,-8.899999618530273
