init_top5,bo_top5
-4.0,-3.900000095367432
-3.8,-3.900000095367432
-3.8,-3.799999952316284
-3.8,-3.799999952316284
-3.8,-3.700000047683716
