Molecule,Docking Score,QED Score,MW score,LogP Score,SA Score,Generated Source
C=COC1=C(O)C2=C(O)Nc3ccc4c(O)ccc5c4c3OC2=C(C1)C(O)CCCCC5,-9.300000190734863,0.4131506317516999,435.4760000000004,5.184200000000002,0.4678250530616734,repairer
O=Cc1c(O)cc2c3c1-c1cccc4c1CC3(CC2)C1=C=C2CC(O)=CC=C2CCC(CCO)C14,-3.299999952316284,0.40075548422826796,464.56100000000026,5.725100000000005,0.37914712857013805,repairer
CC=CC(=CC)C1CC2=CC=NC=CC2=C1C=C1CC2=C(C3CCCCC3)C3=CCC=C4C=C=CCC1=C2C43,-1.2999999523162842,0.26405983569222224,509.7370000000005,9.854699999999994,0.43319108412055385,repairer
CC12CCC3=Cc4cccc(c4C31)CC(CCC1CCCC1O)C2=O,-9.199999809265137,0.8721729211747811,336.4750000000001,4.649900000000005,0.5482400878676774,repairer
