{"LLM_time": 19623.2400329113, "train_time": 8637.956689119339, "evaluate_time": 80.14240741729736, "init_time": 57.76014995574951, "num_iterations": 2000, "num_new_mol": 4}