init_top1,bo_top1
-10.399999618530272,-9.699999809265137
