{"LLM_time": 545.5969488620758, "train_time": 216.72758269309998, "evaluate_time": 6288.071066617966, "init_time": 72.62653923034668, "num_iterations": 60, "num_new_mol": 100}