init_top20,bo_top20
-8.6,-9.5
-8.5,-9.300000190734863
-8.4,-9.199999809265137
-8.2,-9.0
-7.8,-9.0
-7.4,-8.399999618530273
-7.4,-8.300000190734863
-6.7,-8.199999809265137
-6.6,-8.199999809265137
,-8.199999809265137
,-8.100000381469727
,-8.100000381469727
,-8.100000381469727
,-8.0
,-7.900000095367432
,-7.699999809265137
,-7.699999809265137
,-7.599999904632568
,-7.599999904632568
,-7.5
