init_top9,bo_top9
-8.6,-9.699999809265137
-8.0,-9.5
-8.0,-9.5
-8.0,-9.399999618530272
-7.8,-9.300000190734863
-7.6,-9.199999809265137
-7.1,-9.199999809265137
-6.4,-9.199999809265137
-5.9,-9.199999809265137
