{"LLM_time": 4096.1730697155, "train_time": 1763.0395493507385, "evaluate_time": 3701.9996485710144, "init_time": 7.263551950454712, "num_iterations": 327, "num_new_mol": 101}