{"LLM_time": 798.2765347957611, "train_time": 4.7206878662109375e-05, "evaluate_time": 4083.9274270534515, "init_time": 4.64146089553833, "num_iterations": 65, "num_new_mol": 100}