init_top20,bo_top20
-7.3,-7.599999904632568
-7.2,-7.5
-7.2,-7.400000095367432
-7.2,-7.0
-7.1,-6.900000095367432
-7.0,-6.800000190734863
-7.0,-6.800000190734863
-7.0,-6.699999809265137
-6.9,-6.699999809265137
-6.8,-6.599999904632568
-6.7,-6.599999904632568
-6.6,-6.5
-6.6,-6.400000095367432
-6.6,-6.400000095367432
-6.5,-6.300000190734863
-6.5,-6.300000190734863
-6.4,-6.300000190734863
-6.4,-6.099999904632568
-6.4,-6.0
-6.2,-6.0
