{"LLM_time": 658.9765756130219, "train_time": 250.66196060180664, "evaluate_time": 1191.7342615127563, "init_time": 40.30621314048767, "num_iterations": 65, "num_new_mol": 101}