{"LLM_time": 2824.1930301189423, "train_time": 428.50490617752075, "evaluate_time": 4699.292413234711, "init_time": 6.528073310852051, "num_iterations": 177, "num_new_mol": 100}