init_top5,bo_top5
-7.800000190734863,-8.5
-7.5,-8.399999618530273
-7.5,-8.300000190734863
-7.400000095367432,-8.300000190734863
-7.300000190734863,-8.300000190734863
