{"LLM_time": 591.9916036128998, "train_time": 3.981590270996094e-05, "evaluate_time": 1555.2824540138245, "init_time": 6.994388818740845, "num_iterations": 56, "num_new_mol": 101}