init_top5,bo_top5
-6.9,-7.699999809265137
-6.5,-7.699999809265137
-6.4,-7.699999809265137
-6.3,-7.599999904632568
-6.3,-7.5
