init_top9,bo_top9
-9.5,-10.199999809265137
-9.1,-9.100000381469728
-8.7,-9.100000381469728
-8.5,-8.899999618530273
-8.5,-8.600000381469727
-8.4,-8.5
-8.3,-8.5
-8.3,-8.5
-8.2,-8.399999618530273
