{"LLM_time": 3209.121230363846, "train_time": 335.4223084449768, "evaluate_time": 11379.122997999191, "init_time": 6.234277248382568, "num_iterations": 140, "num_new_mol": 100}