init_top10,bo_top10
-11.199999809265137,-12.0
-11.199999809265137,-12.0
-11.199999809265137,-11.5
-11.100000381469728,-11.5
-11.100000381469728,-11.5
-11.0,-11.300000190734863
-11.0,-11.300000190734863
-10.899999618530272,-11.300000190734863
-10.899999618530272,-11.199999809265137
-10.699999809265137,-11.199999809265137
