init_top5,bo_top5
-11.199999809265137,-12.0
-11.199999809265137,-12.0
-11.199999809265137,-11.5
-11.100000381469728,-11.5
-11.100000381469728,-11.5
