{"LLM_time": 2106.768673181534, "train_time": 1158.9343674182892, "evaluate_time": 2184.200513124466, "init_time": 8.01324725151062, "num_iterations": 211, "num_new_mol": 100}