init_top9,bo_top9
-12.899999618530272,-16.100000381469727
-12.699999809265137,-15.5
-12.199999809265137,-14.800000190734863
-12.100000381469728,-14.399999618530272
-11.899999618530272,-14.399999618530272
-11.699999809265137,-14.199999809265137
-11.699999809265137,-14.100000381469728
-11.399999618530272,-14.0
-11.300000190734863,-13.800000190734863
