{"LLM_time": 451.4781539440155, "train_time": 3.2901763916015625e-05, "evaluate_time": 1777.5012965202332, "init_time": 4.349684000015259, "num_iterations": 47, "num_new_mol": 100}