init_top20,bo_top20
-9.6,-9.699999809265137
-9.2,-9.5
-9.1,-9.300000190734863
-9.1,-9.300000190734863
-8.9,-9.300000190734863
-8.7,-9.199999809265137
-8.7,-9.199999809265137
-8.6,-9.0
-8.5,-9.0
-8.3,-8.800000190734863
-8.3,-8.699999809265137
-8.1,-8.600000381469727
-8.1,-8.600000381469727
-8.1,-8.600000381469727
-8.0,-8.600000381469727
-8.0,-8.5
-7.9,-8.5
-7.9,-8.5
-7.9,-8.5
-7.8,-8.5
