init_top5,bo_top5
-9.6,-9.699999809265137
-9.2,-9.5
-9.1,-9.300000190734863
-9.1,-9.300000190734863
-8.9,-9.300000190734863
