{"LLM_time": 642.6923446655273, "train_time": 3.62396240234375e-05, "evaluate_time": 5752.921670198441, "init_time": 4.458586692810059, "num_iterations": 59, "num_new_mol": 100}