{"LLM_time": 2554.276581764221, "train_time": 798.6276299953461, "evaluate_time": 7956.617566108704, "init_time": 8.623781204223633, "num_iterations": 176, "num_new_mol": 100}