{"LLM_time": 2390.8576443195343, "train_time": 1070.591736793518, "evaluate_time": 930.2399718761444, "init_time": 6.963730335235596, "num_iterations": 289, "num_new_mol": 100}