init_top20,bo_top20
-7.6,-8.399999618530273
-7.5,-8.100000381469727
-7.5,-7.699999809265137
-7.2,-7.599999904632568
-7.1,-7.400000095367432
-7.1,-7.300000190734863
-7.0,-7.199999809265137
-7.0,-7.199999809265137
-6.9,-7.199999809265137
-6.8,-7.099999904632568
-6.8,-7.0
-6.7,-6.800000190734863
-6.7,-6.800000190734863
-6.7,-6.699999809265137
-6.7,-6.699999809265137
-6.7,-6.699999809265137
-6.7,-6.699999809265137
-6.6,-6.599999904632568
-6.6,-6.599999904632568
-6.6,-6.599999904632568
