init_top5,bo_top5
-7.6,-8.399999618530273
-7.5,-8.100000381469727
-7.5,-7.699999809265137
-7.2,-7.599999904632568
-7.1,-7.400000095367432
