init_top9,bo_top9
-8.1,-8.199999809265137
-7.7,-8.199999809265137
-7.7,-8.0
-7.2,-8.0
-7.2,-7.900000095367432
-7.2,-7.900000095367432
-7.1,-7.800000190734863
-7.1,-7.699999809265137
-7.1,-7.699999809265137
