{"LLM_time": 564.0383656024933, "train_time": 212.15177488327026, "evaluate_time": 390.0050837993622, "init_time": 9.076776027679443, "num_iterations": 70, "num_new_mol": 101}