{"LLM_time": 5343.730652093887, "train_time": 2723.9043855667114, "evaluate_time": 1654.8784646987915, "init_time": 10.239880561828613, "num_iterations": 542, "num_new_mol": 100}