init_top10,bo_top10
-8.5,-9.300000190734863
-8.5,-9.199999809265137
-8.4,-9.0
-8.3,-8.800000190734863
-8.1,-8.800000190734863
-8.0,-8.600000381469727
-8.0,-8.399999618530273
-8.0,-8.399999618530273
-7.9,-8.300000190734863
-7.8,-8.199999809265137
