{"LLM_time": 3819.3509438037872, "train_time": 1409.7178766727448, "evaluate_time": 1997.1625576019287, "init_time": 6.708280563354492, "num_iterations": 323, "num_new_mol": 101}