init_top10,bo_top10
-10.300000190734863,-11.300000190734863
-10.300000190734863,-10.899999618530272
-10.300000190734863,-10.800000190734863
-10.300000190734863,-10.600000381469728
-10.100000381469728,-10.199999809265137
-9.899999618530272,-10.199999809265137
-9.899999618530272,-10.199999809265137
-9.899999618530272,-9.800000190734863
-9.699999809265137,-9.699999809265137
-9.699999809265137,-9.600000381469728
