{"LLM_time": 1438.7369475364685, "train_time": 577.5071856975555, "evaluate_time": 1747.4026627540588, "init_time": 41.834718465805054, "num_iterations": 147, "num_new_mol": 101}