init_top10,bo_top10
-8.5,-8.5
-8.199999809265137,-8.5
-8.199999809265137,-8.300000190734863
-8.0,-8.300000190734863
-7.699999809265137,-8.199999809265137
-7.599999904632568,-8.199999809265137
-7.599999904632568,-8.199999809265137
-7.599999904632568,-8.199999809265137
-7.599999904632568,-8.100000381469727
-7.599999904632568,-8.100000381469727
