init_top5,bo_top5
-8.5,-8.5
-8.199999809265137,-8.5
-8.199999809265137,-8.300000190734863
-8.0,-8.300000190734863
-7.699999809265137,-8.199999809265137
