{"LLM_time": 497.0786385536194, "train_time": 3.886222839355469e-05, "evaluate_time": 897.2103943824768, "init_time": 79.10245442390442, "num_iterations": 51, "num_new_mol": 100}