{"LLM_time": 1521.7754006385803, "train_time": 152.69675517082214, "evaluate_time": 7133.999109506607, "init_time": 6.116108417510986, "num_iterations": 63, "num_new_mol": 101}