{"LLM_time": 279.3102605342865, "train_time": 3.933906555175781e-05, "evaluate_time": 600.4947292804718, "init_time": 4.281357526779175, "num_iterations": 44, "num_new_mol": 100}