init_top20,bo_top20
-5.1,-5.099999904632568
-4.8,-4.900000095367432
-4.6,-4.900000095367432
-4.3,-4.599999904632568
-4.3,-4.400000095367432
-4.2,-4.300000190734863
-4.2,-4.300000190734863
-4.2,-4.199999809265137
-4.1,-4.199999809265137
-4.1,-4.199999809265137
-4.0,-4.199999809265137
-4.0,-4.199999809265137
-4.0,-4.099999904632568
-4.0,-4.099999904632568
-3.9,-4.099999904632568
-3.9,-4.0
-3.9,-4.0
-3.9,-4.0
-3.9,-4.0
-3.8,-4.0
