{"LLM_time": 1172.474877357483, "train_time": 6.842613220214844e-05, "evaluate_time": 4553.168927192688, "init_time": 4.353862285614014, "num_iterations": 94, "num_new_mol": 102}