init_top5,bo_top5
-12.100000381469728,-12.199999809265137
-11.399999618530272,-11.600000381469728
-11.399999618530272,-11.399999618530272
-11.100000381469728,-10.300000190734863
-11.0,-10.199999809265137
