{"LLM_time": 628.8453993797302, "train_time": 3.9577484130859375e-05, "evaluate_time": 2245.8350257873535, "init_time": 6.242488145828247, "num_iterations": 52, "num_new_mol": 101}