{"LLM_time": 6898.02236199379, "train_time": 716.92041015625, "evaluate_time": 22046.19890666008, "init_time": 6.79823637008667, "num_iterations": 290, "num_new_mol": 100}