init_top5,bo_top5
-7.0,-9.0
-6.699999809265137,-8.899999618530273
-6.599999904632568,-8.5
-6.599999904632568,-8.5
-6.400000095367432,-8.5
