{"LLM_time": 2440.6271550655365, "train_time": 1497.1451981067657, "evaluate_time": 3033.1889173984528, "init_time": 8.390034914016724, "num_iterations": 289, "num_new_mol": 101}