{"LLM_time": 1287.739249944687, "train_time": 896.3173966407776, "evaluate_time": 1678.3234434127808, "init_time": 7.36798620223999, "num_iterations": 156, "num_new_mol": 100}