{"LLM_time": 2095.0032670497894, "train_time": 394.1708707809448, "evaluate_time": 898.3229324817657, "init_time": 6.397540092468262, "num_iterations": 171, "num_new_mol": 100}