init_top1,bo_top1
-6.900000095367432,-7.300000190734863
