init_top10,bo_top10
-6.900000095367432,-7.300000190734863
-6.0,-6.800000190734863
-5.900000095367432,-6.599999904632568
-5.800000190734863,-6.599999904632568
-5.800000190734863,-6.599999904632568
-5.699999809265137,-6.599999904632568
-5.599999904632568,-6.5
-5.599999904632568,-6.5
-5.599999904632568,-6.5
-5.400000095367432,-6.400000095367432
