init_top5,bo_top5
-6.900000095367432,-7.300000190734863
-6.0,-6.800000190734863
-5.900000095367432,-6.599999904632568
-5.800000190734863,-6.599999904632568
-5.800000190734863,-6.599999904632568
