{"LLM_time": 346.5927765369415, "train_time": 220.7708761692047, "evaluate_time": 343.84869742393494, "init_time": 7.948965311050415, "num_iterations": 49, "num_new_mol": 102}