init_top1,bo_top1
-8.600000381469727,-8.199999809265137
