{"LLM_time": 5874.19441986084, "train_time": 645.7046718597412, "evaluate_time": 9675.827471256256, "init_time": 6.3698859214782715, "num_iterations": 275, "num_new_mol": 100}