init_top1,bo_top1
-11.399999618530272,-12.100000381469728
