init_top5,bo_top5
-11.399999618530272,-12.100000381469728
-11.399999618530272,-11.899999618530272
-11.199999809265137,-11.699999809265137
-10.699999809265137,-11.199999809265137
-10.699999809265137,-11.100000381469728
