{"LLM_time": 5654.729756116867, "train_time": 2674.0801119804382, "evaluate_time": 902.7972047328949, "init_time": 8.032330513000488, "num_iterations": 539, "num_new_mol": 101}