{"LLM_time": 918.7456457614899, "train_time": 478.9164197444916, "evaluate_time": 2465.0067546367645, "init_time": 7.846369981765747, "num_iterations": 92, "num_new_mol": 101}