{"LLM_time": 6782.767671585083, "train_time": 4769.19802737236, "evaluate_time": 655.1261687278748, "init_time": 6.420436382293701, "num_iterations": 888, "num_new_mol": 100}