{"LLM_time": 13820.154507398605, "train_time": 3235.7760746479034, "evaluate_time": 8929.957065343857, "init_time": 90.62816667556763, "num_iterations": 590, "num_new_mol": 101}