{"LLM_time": 934.5716502666473, "train_time": 475.0129301548004, "evaluate_time": 4099.378563404083, "init_time": 6.786668062210083, "num_iterations": 94, "num_new_mol": 101}