init_top9,bo_top9
-8.600000381469727,-8.600000381469727
-8.399999618530273,-8.600000381469727
-8.399999618530273,-8.0
-8.300000190734863,-8.0
-8.100000381469727,-7.900000095367432
-8.100000381469727,-7.800000190734863
-8.100000381469727,-7.800000190734863
-8.100000381469727,-7.699999809265137
-8.0,-7.699999809265137
