init_top5,bo_top5
-11.199999809265137,-12.699999809265137
-10.699999809265137,-12.5
-10.399999618530272,-12.300000190734863
-10.199999809265137,-12.0
-10.100000381469728,-12.0
