init_top5,bo_top5
-10.399999618530272,-9.699999809265137
-9.899999618530272,-9.0
-9.600000381469728,-8.699999809265137
-9.100000381469728,-8.699999809265137
-9.100000381469728,-8.699999809265137
