{"LLM_time": 3287.6284799575806, "train_time": 335.59619402885437, "evaluate_time": 16948.976999521255, "init_time": 6.34325385093689, "num_iterations": 139, "num_new_mol": 100}