init_top10,bo_top10
-10.0,-10.300000190734863
-9.800000190734863,-10.199999809265137
-9.600000381469728,-10.100000381469728
-9.600000381469728,-9.899999618530272
-9.600000381469728,-9.800000190734863
-9.399999618530272,-9.699999809265137
-9.300000190734863,-9.5
-9.199999809265137,-9.5
-9.199999809265137,-9.399999618530272
-9.199999809265137,-9.399999618530272
