init_top5,bo_top5
-10.0,-10.300000190734863
-9.800000190734863,-10.199999809265137
-9.600000381469728,-10.100000381469728
-9.600000381469728,-9.899999618530272
-9.600000381469728,-9.800000190734863
