Molecule,Docking Score,QED Score,MW score,LogP Score,SA Score,Generated Source
CCCCCCCCC(O)CC(CCCC(C)C)CC(CO)(CO)CO,-5.800000190734863,0.26990069886334994,374.60600000000017,4.283900000000006,0.6455063291108681,repairer
CC=C(O)CCC(C=O)CC(C)OCC(O)C(O)CO,-7.199999809265137,0.32692624789496705,290.356,0.5528,0.5341465359707891,repairer
C=C1C(=O)CC=C1C1C(=O)OC2=C(CC=C(C(=O)O)C2)C2=C(CC=C(C(=O)O)C2)C1=O,5.199999809265137,0.40196166205913186,422.38900000000024,2.3442,0.529180191326105,repairer
C=C(C)C(O)CCC(=O)CC(C)OCC(O)C(O)CO,-7.199999809265137,0.3919885926854534,290.356,-0.2179999999999998,0.5802391713397744,repairer
C=C(O)CCCCC1=CCC(CC(C)(O)O)=C(OC=CC)C1,-6.900000095367432,0.25786360000412806,308.418,4.233900000000005,0.5972123565890166,repairer
C=C(C)C(O)CCC(C=O)CC(C)OCC(O)C(O)CO,-7.400000095367432,0.2992058140286506,304.383,0.02800000000000019,0.5356038144770897,repairer
CCCCCCCCC(O)CC(CCC(C)C)CC(CO)(CO)CO,-5.800000190734863,0.296637297183954,360.5790000000001,3.8938000000000037,0.6432539017469435,repairer
