{"LLM_time": 16297.864894866943, "train_time": 8413.177407503128, "evaluate_time": 181.66852068901062, "init_time": 16.51336097717285, "num_iterations": 2000, "num_new_mol": 7}