init_top5,bo_top5
-8.7,-9.399999618530272
-8.6,-8.199999809265137
-8.0,-7.900000095367432
-7.9,-7.900000095367432
-7.9,-7.699999809265137
