{"LLM_time": 416.7733488082886, "train_time": 3.24249267578125e-05, "evaluate_time": 1349.9537162780762, "init_time": 5.238470077514648, "num_iterations": 45, "num_new_mol": 100}