{"LLM_time": 340.1614017486572, "train_time": 4.7206878662109375e-05, "evaluate_time": 543.7111883163452, "init_time": 4.759090423583984, "num_iterations": 54, "num_new_mol": 101}