init_top9,bo_top9
-6.7,-7.900000095367432
-6.6,-7.800000190734863
-6.5,-6.800000190734863
-6.4,-6.5
-6.2,-6.400000095367432
-6.2,-6.400000095367432
-6.2,-6.300000190734863
-6.2,-6.300000190734863
-6.2,-6.300000190734863
