init_top10,bo_top10
-10.6,-9.699999809265137
-9.1,-9.100000381469728
-8.9,-9.0
-8.9,-8.800000190734863
-8.6,-8.699999809265137
-8.4,-8.399999618530273
-8.3,-8.300000190734863
-8.3,-8.100000381469727
-8.3,-8.100000381469727
-8.3,-8.0
