{"LLM_time": 2564.277635574341, "train_time": 1103.196949005127, "evaluate_time": 2297.29123544693, "init_time": 12.84688138961792, "num_iterations": 223, "num_new_mol": 100}