{"LLM_time": 11837.689198255539, "train_time": 3576.7270765304565, "evaluate_time": 4038.714911699295, "init_time": 7.694321632385254, "num_iterations": 1061, "num_new_mol": 100}