{"LLM_time": 12999.682141542435, "train_time": 1051.7711725234985, "evaluate_time": 25075.75098013878, "init_time": 6.590868711471558, "num_iterations": 386, "num_new_mol": 100}