init_top1,bo_top1
-7.900000095367432,-9.600000381469728
