init_top5,bo_top5
-7.900000095367432,-9.600000381469728
-7.599999904632568,-9.199999809265137
-7.5,-9.199999809265137
-7.300000190734863,-9.0
-7.199999809265137,-8.800000190734863
