init_top1,bo_top1
-11.699999809265137,-12.100000381469728
