init_top5,bo_top5
-11.699999809265137,-12.100000381469728
-10.5,-11.699999809265137
-10.300000190734863,-11.300000190734863
-10.300000190734863,-11.0
-10.199999809265137,-11.0
