{"LLM_time": 1393.0008835792542, "train_time": 207.99789094924927, "evaluate_time": 1434.6041033267975, "init_time": 6.380369424819946, "num_iterations": 87, "num_new_mol": 100}