init_top1,bo_top1
-8.899999618530273,-10.600000381469728
