init_top10,bo_top10
-8.899999618530273,-10.600000381469728
-8.800000190734863,-10.600000381469728
-8.600000381469727,-10.5
-8.5,-10.5
-8.199999809265137,-10.199999809265137
-8.199999809265137,-9.899999618530272
-8.0,-9.800000190734863
-8.0,-9.800000190734863
-8.0,-9.699999809265137
-8.0,-9.600000381469728
