init_top5,bo_top5
-8.899999618530273,-10.600000381469728
-8.800000190734863,-10.600000381469728
-8.600000381469727,-10.5
-8.5,-10.5
-8.199999809265137,-10.199999809265137
