{"LLM_time": 728.9016306400299, "train_time": 310.94592666625977, "evaluate_time": 4123.086755037308, "init_time": 6.770214319229126, "num_iterations": 61, "num_new_mol": 101}