{"LLM_time": 2535.7893233299255, "train_time": 1275.542474269867, "evaluate_time": 783.0295948982239, "init_time": 7.591613292694092, "num_iterations": 326, "num_new_mol": 100}