init_top9,bo_top9
-7.8,-8.800000190734863
-7.6,-8.100000381469727
-7.5,-7.900000095367432
-7.4,-7.900000095367432
-7.2,-7.599999904632568
-7.2,-7.199999809265137
-7.2,-7.099999904632568
-7.1,-7.099999904632568
-7.1,-7.0
