{"LLM_time": 1626.5682067871094, "train_time": 1029.1834473609924, "evaluate_time": 735.1640305519104, "init_time": 7.39177393913269, "num_iterations": 183, "num_new_mol": 102}