init_top5,bo_top5
-6.4,-6.199999809265137
-6.3,-6.199999809265137
-6.2,-6.199999809265137
-6.1,-6.199999809265137
-6.1,-6.199999809265137
