{"LLM_time": 2827.6164112091064, "train_time": 253.1500723361969, "evaluate_time": 7743.554222822189, "init_time": 6.39693546295166, "num_iterations": 105, "num_new_mol": 101}