init_top9,bo_top9
-10.6,-10.199999809265137
-9.8,-10.100000381469728
-9.5,-9.300000190734863
-9.2,-9.199999809265137
-8.8,-9.199999809265137
-8.8,-9.0
-8.8,-8.600000381469727
-8.5,-8.199999809265137
-8.5,-8.100000381469727
