{"LLM_time": 874.9200401306152, "train_time": 410.75552225112915, "evaluate_time": 1397.0112760066986, "init_time": 8.057533025741577, "num_iterations": 85, "num_new_mol": 101}