{"LLM_time": 1123.8611917495728, "train_time": 545.1254734992981, "evaluate_time": 1305.8013455867767, "init_time": 8.711528301239014, "num_iterations": 104, "num_new_mol": 101}