init_top10,bo_top10
-9.800000190734863,-12.0
-9.5,-11.699999809265137
-9.399999618530272,-11.399999618530272
-9.300000190734863,-10.600000381469728
-9.0,-10.399999618530272
-8.899999618530273,-10.399999618530272
-8.800000190734863,-10.300000190734863
-8.699999809265137,-10.100000381469728
-8.699999809265137,-9.899999618530272
-8.600000381469727,-9.899999618530272
