init_top5,bo_top5
-9.800000190734863,-12.0
-9.5,-11.699999809265137
-9.399999618530272,-11.399999618530272
-9.300000190734863,-10.600000381469728
-9.0,-10.399999618530272
