{"LLM_time": 2307.0911405086517, "train_time": 231.5872938632965, "evaluate_time": 8988.886986255646, "init_time": 7.827247619628906, "num_iterations": 96, "num_new_mol": 102}