init_top10,bo_top10
-11.399999618530272,-11.0
-10.899999618530272,-11.0
-10.800000190734863,-11.0
-10.600000381469728,-10.899999618530272
-10.600000381469728,-10.800000190734863
-10.5,-10.800000190734863
-10.399999618530272,-10.800000190734863
-10.399999618530272,-10.5
-10.0,-10.399999618530272
-9.899999618530272,-10.300000190734863
