init_top5,bo_top5
-11.399999618530272,-11.0
-10.899999618530272,-11.0
-10.800000190734863,-11.0
-10.600000381469728,-10.899999618530272
-10.600000381469728,-10.800000190734863
