{"LLM_time": 1469.8076241016388, "train_time": 188.68909740447998, "evaluate_time": 1234.9326677322388, "init_time": 6.155078887939453, "num_iterations": 82, "num_new_mol": 100}