init_top5,bo_top5
-8.399999618530273,-10.300000190734863
-8.100000381469727,-10.199999809265137
-8.100000381469727,-9.899999618530272
-7.900000095367432,-9.800000190734863
-7.800000190734863,-9.5
