init_top20,bo_top20
-7.8,-7.400000095367432
-7.2,-7.199999809265137
-7.1,-6.800000190734863
-6.8,-6.699999809265137
-6.5,-6.599999904632568
-6.5,-6.5
-6.4,-6.5
-6.4,-6.400000095367432
-6.4,-6.400000095367432
-6.1,-6.400000095367432
-6.1,-6.300000190734863
-6.0,-6.300000190734863
-6.0,-6.199999809265137
-5.9,-6.199999809265137
-5.9,-6.099999904632568
-5.9,-6.099999904632568
-5.8,-6.0
-5.7,-6.0
-5.7,-6.0
-5.5,-6.0
