{"LLM_time": 5166.732935667038, "train_time": 565.8176522254944, "evaluate_time": 10029.3696372509, "init_time": 6.216108798980713, "num_iterations": 230, "num_new_mol": 100}