init_top10,bo_top10
-9.399999618530272,-10.300000190734863
-9.199999809265137,-10.100000381469728
-9.199999809265137,-10.0
-9.0,-10.0
-8.899999618530273,-10.0
-8.699999809265137,-9.899999618530272
-8.699999809265137,-9.899999618530272
-8.600000381469727,-9.800000190734863
-8.5,-9.800000190734863
-8.5,-9.800000190734863
