init_top1,bo_top1
-9.399999618530272,-10.300000190734863
