init_top5,bo_top5
-9.399999618530272,-10.300000190734863
-9.199999809265137,-10.100000381469728
-9.199999809265137,-10.0
-9.0,-10.0
-8.899999618530273,-10.0
