{"LLM_time": 360.61909079551697, "train_time": 3.147125244140625e-05, "evaluate_time": 680.740832567215, "init_time": 4.3501386642456055, "num_iterations": 43, "num_new_mol": 101}