{"LLM_time": 1950.5804588794708, "train_time": 205.40440154075623, "evaluate_time": 12230.782773256302, "init_time": 6.740694522857666, "num_iterations": 85, "num_new_mol": 100}