init_top5,bo_top5
-8.800000190734863,-9.300000190734863
-8.800000190734863,-9.300000190734863
-8.600000381469727,-9.100000381469728
-8.5,-9.100000381469728
-8.399999618530273,-9.0
