init_top5,bo_top5
-11.100000381469728,-12.0
-11.100000381469728,-11.899999618530272
-11.0,-11.699999809265137
-10.899999618530272,-11.600000381469728
-10.800000190734863,-11.5
