init_top10,bo_top10
-6.4,-6.300000190734863
-6.3,-6.199999809265137
-6.2,-6.099999904632568
-6.2,-6.099999904632568
-6.0,-5.800000190734863
-5.9,-5.800000190734863
-5.8,-5.699999809265137
-5.8,-5.5
-5.7,-5.5
-5.6,-5.5
