init_top5,bo_top5
-6.4,-6.300000190734863
-6.3,-6.199999809265137
-6.2,-6.099999904632568
-6.2,-6.099999904632568
-6.0,-5.800000190734863
