init_top5,bo_top5
-5.1,-5.099999904632568
-4.8,-4.900000095367432
-4.6,-4.900000095367432
-4.3,-4.599999904632568
-4.3,-4.400000095367432
