init_top9,bo_top9
-4.8,-5.800000190734863
-4.7,-5.5
-4.4,-5.400000095367432
-4.4,-5.300000190734863
-4.3,-5.199999809265137
-4.3,-5.199999809265137
-4.3,-5.199999809265137
-4.2,-5.199999809265137
-4.2,-5.099999904632568
