init_top10,bo_top10
-9.6,-8.600000381469727
-9.2,-8.5
-8.8,-8.5
-8.4,-8.5
-8.3,-8.399999618530273
-8.3,-8.399999618530273
-8.2,-8.399999618530273
-8.2,-8.399999618530273
-8.2,-8.300000190734863
-8.2,-8.199999809265137
