init_top9,bo_top9
-9.4,-9.100000381469728
-8.5,-8.800000190734863
-8.3,-8.800000190734863
-8.0,-8.699999809265137
-8.0,-8.699999809265137
-7.9,-8.399999618530273
-7.8,-8.199999809265137
-7.8,-8.199999809265137
-7.8,-7.900000095367432
