{"LLM_time": 632.6412265300751, "train_time": 370.1881775856018, "evaluate_time": 1886.5896883010864, "init_time": 8.254804849624634, "num_iterations": 70, "num_new_mol": 100}