{"LLM_time": 460.4877276420593, "train_time": 3.5762786865234375e-05, "evaluate_time": 4155.690063714981, "init_time": 4.576053619384766, "num_iterations": 46, "num_new_mol": 101}