{"LLM_time": 2468.244957447052, "train_time": 879.8889353275299, "evaluate_time": 1154.2413671016693, "init_time": 11.705642700195312, "num_iterations": 229, "num_new_mol": 100}