{"LLM_time": 914.1432504653931, "train_time": 118.15301394462585, "evaluate_time": 2484.74729681015, "init_time": 6.41594123840332, "num_iterations": 52, "num_new_mol": 100}