init_top9,bo_top9
-8.5,-9.0
-8.100000381469727,-8.600000381469727
-8.0,-8.300000190734863
-8.0,-8.199999809265137
-8.0,-8.199999809265137
-8.0,-8.100000381469727
-7.800000190734863,-8.0
-7.800000190734863,-8.0
-7.599999904632568,-8.0
