{"LLM_time": 1471.1319649219513, "train_time": 579.3288621902466, "evaluate_time": 2433.6411187648773, "init_time": 6.396394968032837, "num_iterations": 174, "num_new_mol": 100}