{"LLM_time": 2779.3017721176147, "train_time": 1647.5023040771484, "evaluate_time": 1622.2975823879242, "init_time": 8.209579229354858, "num_iterations": 271, "num_new_mol": 100}