init_top1,bo_top1
-13.899999618530272,-15.699999809265137
