{"LLM_time": 1558.1807940006256, "train_time": 832.9380404949188, "evaluate_time": 686.8035862445831, "init_time": 6.363057613372803, "num_iterations": 267, "num_new_mol": 100}