{"LLM_time": 1822.0225400924683, "train_time": 595.7364022731781, "evaluate_time": 3076.731936454773, "init_time": 8.424916505813599, "num_iterations": 151, "num_new_mol": 100}