init_top10,bo_top10
-8.7,-9.399999618530272
-8.6,-8.199999809265137
-8.0,-7.900000095367432
-7.9,-7.900000095367432
-7.9,-7.699999809265137
-7.7,-7.699999809265137
-7.7,-7.599999904632568
-7.6,-7.5
-7.6,-7.400000095367432
-7.5,-7.400000095367432
