init_top20,bo_top20
-8.7,-9.399999618530272
-8.6,-8.199999809265137
-8.0,-7.900000095367432
-7.9,-7.900000095367432
-7.9,-7.699999809265137
-7.7,-7.699999809265137
-7.7,-7.599999904632568
-7.6,-7.5
-7.6,-7.400000095367432
-7.5,-7.400000095367432
-7.5,-7.400000095367432
-7.3,-7.400000095367432
-7.3,-7.400000095367432
-7.3,-7.300000190734863
-7.2,-7.300000190734863
-7.2,-7.300000190734863
-7.1,-7.300000190734863
-7.1,-7.300000190734863
-7.1,-7.300000190734863
-7.1,-7.199999809265137
