init_top5,bo_top5
-10.199999809265137,-10.899999618530272
-9.699999809265137,-10.800000190734863
-9.199999809265137,-10.600000381469728
-9.0,-10.199999809265137
-8.899999618530273,-10.0
