{"LLM_time": 1428.9599962234497, "train_time": 184.2872428894043, "evaluate_time": 5567.730202674866, "init_time": 6.289553642272949, "num_iterations": 80, "num_new_mol": 100}