init_top1,bo_top1
-9.899999618530272,-11.100000381469728
