init_top5,bo_top5
-9.899999618530272,-11.100000381469728
-9.600000381469728,-10.699999809265137
-9.199999809265137,-10.600000381469728
-8.899999618530273,-10.399999618530272
-8.699999809265137,-10.300000190734863
