{"LLM_time": 15794.570696353912, "train_time": 6792.893536329269, "evaluate_time": 3679.6452045440674, "init_time": 8.08963942527771, "num_iterations": 1734, "num_new_mol": 100}