init_top20,bo_top20
-10.7,-11.199999809265137
-10.6,-11.100000381469728
-10.4,-10.899999618530272
-10.2,-10.699999809265137
-9.8,-10.5
-9.8,-10.399999618530272
-9.6,-10.300000190734863
-9.6,-10.100000381469728
-9.6,-10.100000381469728
-9.6,-10.0
-9.4,-10.0
-9.4,-9.899999618530272
-9.3,-9.899999618530272
-9.3,-9.899999618530272
-9.1,-9.899999618530272
-9.0,-9.800000190734863
-8.9,-9.800000190734863
-8.9,-9.800000190734863
-8.9,-9.800000190734863
-8.9,-9.800000190734863
