init_top9,bo_top9
-10.6,-11.399999618530272
-10.5,-10.800000190734863
-10.0,-10.800000190734863
-9.8,-10.699999809265137
-9.7,-10.600000381469728
-9.7,-10.5
-9.3,-10.5
-9.3,-10.300000190734863
-9.3,-10.300000190734863
