{"LLM_time": 419.76961493492126, "train_time": 3.743171691894531e-05, "evaluate_time": 2112.936781644821, "init_time": 4.162964820861816, "num_iterations": 47, "num_new_mol": 102}