init_top20,bo_top20
-8.5,-9.300000190734863
-8.5,-9.199999809265137
-8.4,-9.0
-8.3,-8.800000190734863
-8.1,-8.800000190734863
-8.0,-8.600000381469727
-8.0,-8.399999618530273
-8.0,-8.399999618530273
-7.9,-8.300000190734863
-7.8,-8.199999809265137
-7.7,-8.199999809265137
-7.7,-8.199999809265137
-7.6,-7.900000095367432
-7.6,-7.900000095367432
-7.6,-7.800000190734863
-7.5,-7.800000190734863
-7.3,-7.800000190734863
-7.3,-7.800000190734863
-7.2,-7.800000190734863
-7.2,-7.599999904632568
