{"LLM_time": 1005.3828136920929, "train_time": 628.8351583480835, "evaluate_time": 1007.9592871665955, "init_time": 7.573469161987305, "num_iterations": 127, "num_new_mol": 100}