{"LLM_time": 768.0708434581757, "train_time": 4.291534423828125e-05, "evaluate_time": 5425.542015790939, "init_time": 4.642824411392212, "num_iterations": 61, "num_new_mol": 100}