init_top20,bo_top20
-8.6,-7.900000095367432
-8.1,-7.800000190734863
-7.8,-7.800000190734863
-7.5,-7.599999904632568
-7.4,-7.5
-7.2,-7.5
-7.1,-7.5
-7.0,-7.400000095367432
-7.0,-7.400000095367432
-6.9,-7.400000095367432
-6.9,-7.300000190734863
-6.8,-7.300000190734863
-6.7,-7.199999809265137
-6.7,-7.199999809265137
-6.7,-7.199999809265137
-6.6,-7.099999904632568
-6.6,-7.099999904632568
-6.5,-7.0
-6.5,-7.0
-6.5,-7.0
