init_top9,bo_top9
-8.6,-8.800000190734863
-8.4,-8.699999809265137
-7.8,-8.699999809265137
-7.8,-8.699999809265137
-7.7,-8.300000190734863
-7.5,-8.199999809265137
-7.5,-8.100000381469727
-7.4,-8.100000381469727
-7.3,-8.0
