{"LLM_time": 879.7554695606232, "train_time": 5.054473876953125e-05, "evaluate_time": 3547.309641122818, "init_time": 5.106243371963501, "num_iterations": 70, "num_new_mol": 101}