{"LLM_time": 691.4982035160065, "train_time": 3.814697265625e-05, "evaluate_time": 5023.344153165817, "init_time": 4.883610486984253, "num_iterations": 54, "num_new_mol": 100}