init_top5,bo_top5
-14.0,-16.200000762939453
-11.899999618530272,-16.100000381469727
-11.800000190734863,-15.800000190734863
-11.699999809265137,-15.800000190734863
-11.5,-15.399999618530272
