init_top9,bo_top9
-8.9,-9.600000381469728
-7.9,-9.100000381469728
-7.8,-9.100000381469728
-7.6,-8.899999618530273
-7.6,-8.899999618530273
-7.5,-8.600000381469727
-7.4,-8.300000190734863
-7.4,-8.300000190734863
-7.4,-8.300000190734863
