{"LLM_time": 1858.8542861938477, "train_time": 444.46470975875854, "evaluate_time": 3076.5389370918274, "init_time": 10.992555141448975, "num_iterations": 118, "num_new_mol": 100}