{"LLM_time": 7066.882638692856, "train_time": 1003.3954827785492, "evaluate_time": 7297.693963766098, "init_time": 6.605036973953247, "num_iterations": 420, "num_new_mol": 100}