init_top10,bo_top10
-10.600000381469728,-12.0
-10.399999618530272,-11.5
-9.800000190734863,-11.399999618530272
-9.800000190734863,-11.199999809265137
-9.800000190734863,-11.100000381469728
-9.699999809265137,-10.800000190734863
-9.699999809265137,-10.699999809265137
-9.699999809265137,-10.699999809265137
-9.699999809265137,-10.600000381469728
-9.600000381469728,-10.600000381469728
