init_top5,bo_top5
-10.600000381469728,-12.0
-10.399999618530272,-11.5
-9.800000190734863,-11.399999618530272
-9.800000190734863,-11.199999809265137
-9.800000190734863,-11.100000381469728
