init_top20,bo_top20
-7.5,-10.100000381469728
-7.4,-8.899999618530273
-7.2,-8.899999618530273
-7.2,-7.900000095367432
-7.1,-7.599999904632568
-7.1,-7.599999904632568
-6.9,-7.400000095367432
-6.9,-7.400000095367432
-6.8,-7.300000190734863
-6.8,-7.300000190734863
-6.7,-7.300000190734863
-6.5,-7.199999809265137
-6.5,-7.099999904632568
-6.5,-7.099999904632568
-6.4,-7.099999904632568
-6.3,-7.099999904632568
-6.3,-7.0
-6.3,-7.0
-6.3,-6.800000190734863
-6.2,-6.699999809265137
