init_top1,bo_top1
-13.199999809265137,-15.300000190734863
