{"LLM_time": 354.60674238204956, "train_time": 3.5762786865234375e-05, "evaluate_time": 1283.2375240325928, "init_time": 4.183389902114868, "num_iterations": 43, "num_new_mol": 101}