init_top5,bo_top5
-16.5,-15.399999618530272
-15.899999618530272,-15.300000190734863
-14.0,-15.100000381469728
-13.199999809265137,-14.600000381469728
-13.0,-14.5
