init_top9,bo_top9
-13.699999809265137,-15.5
-13.699999809265137,-15.300000190734863
-13.699999809265137,-15.199999809265137
-13.5,-14.399999618530272
-13.100000381469728,-14.300000190734863
-13.0,-14.300000190734863
-12.899999618530272,-14.300000190734863
-12.699999809265137,-14.199999809265137
-12.600000381469728,-14.0
