{"LLM_time": 5979.508219242096, "train_time": 1578.543001651764, "evaluate_time": 5103.071808576584, "init_time": 36.86308979988098, "num_iterations": 401, "num_new_mol": 100}