init_top9,bo_top9
-8.6,-8.600000381469727
-8.0,-8.5
-7.9,-8.5
-7.9,-8.399999618530273
-7.8,-8.300000190734863
-7.8,-8.300000190734863
-7.7,-8.199999809265137
-7.7,-8.199999809265137
-7.7,-8.199999809265137
