init_top20,bo_top20
-6.8,-7.0
-6.6,-6.800000190734863
-6.5,-6.699999809265137
-6.5,-6.699999809265137
-6.3,-6.699999809265137
-6.2,-6.699999809265137
-6.1,-6.699999809265137
-6.1,-6.599999904632568
-6.1,-6.599999904632568
-6.1,-6.599999904632568
-6.0,-6.599999904632568
-5.9,-6.599999904632568
-5.9,-6.599999904632568
-5.8,-6.5
-5.8,-6.5
-5.8,-6.5
-5.8,-6.400000095367432
-5.7,-6.400000095367432
-5.7,-6.300000190734863
-5.7,-6.300000190734863
