{"LLM_time": 6209.656863212585, "train_time": 1596.9891185760498, "evaluate_time": 8286.295566797256, "init_time": 6.6910107135772705, "num_iterations": 409, "num_new_mol": 100}