{"LLM_time": 16056.306206941605, "train_time": 6352.222836971283, "evaluate_time": 19586.50650048256, "init_time": 8.164772987365723, "num_iterations": 1154, "num_new_mol": 100}