{"LLM_time": 343.6698603630066, "train_time": 3.5762786865234375e-05, "evaluate_time": 1066.722448348999, "init_time": 4.469423294067383, "num_iterations": 47, "num_new_mol": 103}