init_top20,bo_top20
-6.5,-7.800000190734863
-6.4,-6.900000095367432
-6.3,-6.800000190734863
-6.3,-6.800000190734863
-6.0,-6.699999809265137
-6.0,-6.699999809265137
-6.0,-6.599999904632568
-5.8,-6.5
-5.8,-6.400000095367432
-5.7,-6.400000095367432
-5.6,-6.300000190734863
-5.5,-6.199999809265137
-5.4,-6.199999809265137
-5.3,-6.199999809265137
-5.3,-6.199999809265137
-5.2,-6.099999904632568
-5.1,-6.099999904632568
-5.0,-6.099999904632568
-4.8,-6.099999904632568
-4.5,-6.099999904632568
