init_top5,bo_top5
-6.5,-7.800000190734863
-6.4,-6.900000095367432
-6.3,-6.800000190734863
-6.3,-6.800000190734863
-6.0,-6.699999809265137
