{"LLM_time": 1099.2299950122833, "train_time": 208.33565378189087, "evaluate_time": 1415.1222341060638, "init_time": 6.174375057220459, "num_iterations": 100, "num_new_mol": 100}