init_top5,bo_top5
-5.900000095367432,-6.099999904632568
-5.699999809265137,-6.099999904632568
-5.400000095367432,-6.0
-5.400000095367432,-5.900000095367432
-5.400000095367432,-5.800000190734863
