{"LLM_time": 664.5794546604156, "train_time": 4.1961669921875e-05, "evaluate_time": 4532.011282682419, "init_time": 3.916262626647949, "num_iterations": 58, "num_new_mol": 101}