init_top1,bo_top1
-10.399999618530272,-10.199999809265137
