{"LLM_time": 3465.8622496128082, "train_time": 465.75158619880676, "evaluate_time": 5866.450805902481, "init_time": 6.387115240097046, "num_iterations": 194, "num_new_mol": 101}