init_top1,bo_top1
-6.900000095367432,-7.199999809265137
