init_top5,bo_top5
-6.900000095367432,-7.199999809265137
-6.400000095367432,-7.099999904632568
-6.199999809265137,-7.0
-6.199999809265137,-6.900000095367432
-6.199999809265137,-6.800000190734863
