{"LLM_time": 383.06906294822693, "train_time": 3.0040740966796875e-05, "evaluate_time": 2532.5032861232758, "init_time": 4.1886537075042725, "num_iterations": 39, "num_new_mol": 100}