init_top5,bo_top5
-8.4,-8.800000190734863
-8.4,-8.699999809265137
-8.3,-8.699999809265137
-8.2,-8.600000381469727
-8.2,-8.5
