init_top5,bo_top5
-5.7,-6.699999809265137
-5.6,-6.400000095367432
-5.6,-6.199999809265137
-5.4,-6.199999809265137
-5.3,-6.199999809265137
