{"LLM_time": 1895.4048283100128, "train_time": 567.4312741756439, "evaluate_time": 4947.49971985817, "init_time": 39.98844242095947, "num_iterations": 141, "num_new_mol": 100}