{"LLM_time": 2302.7885773181915, "train_time": 268.4299535751343, "evaluate_time": 13971.608162403107, "init_time": 6.285954236984253, "num_iterations": 115, "num_new_mol": 100}