init_top10,bo_top10
-9.0,-8.300000190734863
-8.5,-8.199999809265137
-8.199999809265137,-8.199999809265137
-8.199999809265137,-7.699999809265137
-8.0,-7.699999809265137
-8.0,-7.599999904632568
-7.900000095367432,-7.5
-7.699999809265137,-7.5
-7.699999809265137,-7.400000095367432
-7.699999809265137,-7.199999809265137
