{"LLM_time": 561.6437797546387, "train_time": 4.315376281738281e-05, "evaluate_time": 2105.172784090042, "init_time": 4.361359119415283, "num_iterations": 58, "num_new_mol": 101}