init_top20,bo_top20
-12.7,-12.600000381469728
-12.4,-12.5
-12.4,-12.199999809265137
-12.3,-12.100000381469728
-12.1,-12.100000381469728
-11.6,-12.0
-11.5,-11.800000190734863
-11.5,-11.699999809265137
-11.4,-11.699999809265137
-11.4,-11.600000381469728
-11.3,-11.5
-11.2,-11.300000190734863
-11.1,-11.300000190734863
-11.0,-11.300000190734863
-10.9,-11.199999809265137
-10.9,-11.199999809265137
-10.8,-11.199999809265137
-10.8,-11.100000381469728
-10.7,-11.100000381469728
-10.7,-11.100000381469728
