{"LLM_time": 1143.2922759056091, "train_time": 116.15188145637512, "evaluate_time": 8891.634687900543, "init_time": 6.136529207229614, "num_iterations": 50, "num_new_mol": 100}