init_top5,bo_top5
-9.0,-9.899999618530272
-8.899999618530273,-9.800000190734863
-8.699999809265137,-9.5
-8.399999618530273,-9.399999618530272
-8.100000381469727,-9.399999618530272
