{"LLM_time": 257.26820397377014, "train_time": 3.743171691894531e-05, "evaluate_time": 491.9412224292755, "init_time": 10.156168937683105, "num_iterations": 52, "num_new_mol": 100}