init_top10,bo_top10
-6.4,-6.599999904632568
-6.4,-6.5
-6.3,-6.5
-6.0,-6.400000095367432
-6.0,-6.199999809265137
-5.9,-6.099999904632568
-5.8,-5.900000095367432
-5.8,-5.800000190734863
-5.8,-5.800000190734863
-5.7,-5.699999809265137
