init_top5,bo_top5
-6.4,-6.599999904632568
-6.4,-6.5
-6.3,-6.5
-6.0,-6.400000095367432
-6.0,-6.199999809265137
