{"LLM_time": 7029.2272772789, "train_time": 640.6315677165985, "evaluate_time": 8614.052867174149, "init_time": 6.370217800140381, "num_iterations": 269, "num_new_mol": 100}