init_top10,bo_top10
-12.899999618530272,-13.399999618530272
-12.699999809265137,-13.100000381469728
-12.5,-13.0
-12.399999618530272,-12.600000381469728
-12.0,-12.600000381469728
-11.600000381469728,-12.5
-11.5,-12.5
-11.399999618530272,-12.399999618530272
-11.399999618530272,-12.399999618530272
-11.199999809265137,-12.300000190734863
