init_top1,bo_top1
-12.899999618530272,-13.399999618530272
