init_top5,bo_top5
-12.899999618530272,-13.399999618530272
-12.699999809265137,-13.100000381469728
-12.5,-13.0
-12.399999618530272,-12.600000381469728
-12.0,-12.600000381469728
