{"LLM_time": 516.0737080574036, "train_time": 4.076957702636719e-05, "evaluate_time": 2035.2643043994904, "init_time": 5.063145637512207, "num_iterations": 49, "num_new_mol": 102}