{"LLM_time": 1005.8028268814087, "train_time": 5.4836273193359375e-05, "evaluate_time": 2732.447078227997, "init_time": 4.576919317245483, "num_iterations": 85, "num_new_mol": 101}