init_top5,bo_top5
-11.100000381469728,-11.5
-11.0,-11.399999618530272
-10.0,-9.899999618530272
-9.899999618530272,-9.699999809265137
-9.600000381469728,-9.699999809265137
