{"LLM_time": 2181.7154953479767, "train_time": 270.09669160842896, "evaluate_time": 4638.865113973618, "init_time": 12.799529790878296, "num_iterations": 101, "num_new_mol": 101}