init_top10,bo_top10
-9.5,-9.199999809265137
-8.800000190734863,-9.0
-8.600000381469727,-8.899999618530273
-8.300000190734863,-8.899999618530273
-8.0,-8.600000381469727
-7.900000095367432,-8.5
-7.800000190734863,-8.5
-7.5,-8.399999618530273
-7.5,-8.399999618530273
-7.5,-8.300000190734863
