init_top5,bo_top5
-9.5,-9.199999809265137
-8.800000190734863,-9.0
-8.600000381469727,-8.899999618530273
-8.300000190734863,-8.899999618530273
-8.0,-8.600000381469727
