{"LLM_time": 1485.7428913116455, "train_time": 902.8563003540039, "evaluate_time": 2651.125333070755, "init_time": 7.67713475227356, "num_iterations": 152, "num_new_mol": 101}