init_top10,bo_top10
-8.5,-9.399999618530272
-8.199999809265137,-9.199999809265137
-8.199999809265137,-8.899999618530273
-8.0,-8.699999809265137
-7.699999809265137,-8.5
-7.599999904632568,-8.399999618530273
-7.599999904632568,-8.300000190734863
-7.599999904632568,-8.199999809265137
-7.599999904632568,-8.199999809265137
-7.599999904632568,-8.199999809265137
