{"LLM_time": 646.5923817157745, "train_time": 3.7670135498046875e-05, "evaluate_time": 7268.241750955582, "init_time": 4.3601438999176025, "num_iterations": 56, "num_new_mol": 101}