init_top5,bo_top5
-12.5,-12.399999618530272
-11.5,-12.300000190734863
-11.3,-11.699999809265137
-11.2,-11.399999618530272
-11.1,-11.399999618530272
