{"LLM_time": 1121.0331602096558, "train_time": 192.5561854839325, "evaluate_time": 875.4691233634949, "init_time": 6.4975855350494385, "num_iterations": 84, "num_new_mol": 102}