init_top5,bo_top5
-8.0,-8.100000381469727
-7.900000095367432,-7.800000190734863
-7.699999809265137,-7.800000190734863
-7.599999904632568,-7.800000190734863
-7.5,-7.800000190734863
