{"LLM_time": 792.3650488853455, "train_time": 4.863739013671875e-05, "evaluate_time": 4411.817919492722, "init_time": 6.067246675491333, "num_iterations": 63, "num_new_mol": 100}