{"LLM_time": 710.1454708576202, "train_time": 329.77282786369324, "evaluate_time": 1021.6572299003601, "init_time": 8.985145330429077, "num_iterations": 81, "num_new_mol": 101}