{"LLM_time": 331.85524678230286, "train_time": 199.14513897895813, "evaluate_time": 640.2292513847351, "init_time": 7.253728628158569, "num_iterations": 38, "num_new_mol": 101}