init_top5,bo_top5
-9.6,-8.600000381469727
-9.2,-8.5
-8.8,-8.5
-8.4,-8.5
-8.3,-8.399999618530273
