init_top9,bo_top9
-9.0,-9.699999809265137
-8.6,-9.5
-8.5,-8.600000381469727
-8.4,-8.199999809265137
-8.3,-8.0
-8.3,-8.0
-8.3,-8.0
-8.1,-7.800000190734863
-8.0,-7.800000190734863
