{"LLM_time": 1973.4418733119965, "train_time": 220.974369764328, "evaluate_time": 4375.587402582169, "init_time": 6.480541467666626, "num_iterations": 87, "num_new_mol": 100}