init_top1,bo_top1
-9.600000381469728,-10.600000381469728
