init_top5,bo_top5
-9.600000381469728,-10.600000381469728
-9.399999618530272,-10.300000190734863
-9.399999618530272,-10.199999809265137
-9.199999809265137,-10.199999809265137
-8.899999618530273,-10.0
