{"LLM_time": 849.6662192344666, "train_time": 338.0485608577728, "evaluate_time": 1215.102483034134, "init_time": 8.515480995178223, "num_iterations": 97, "num_new_mol": 102}