{"LLM_time": 702.6575000286102, "train_time": 274.9121992588043, "evaluate_time": 557.3462908267975, "init_time": 8.492876768112183, "num_iterations": 76, "num_new_mol": 100}