init_top9,bo_top9
-5.6,-5.5
-5.5,-5.400000095367432
-5.3,-5.300000190734863
-5.3,-5.300000190734863
-5.2,-5.300000190734863
-5.2,-5.300000190734863
-5.1,-5.300000190734863
-5.1,-5.300000190734863
-5.1,-5.300000190734863
