init_top10,bo_top10
-5.5,-5.5
-4.599999904632568,-5.400000095367432
-4.5,-5.300000190734863
-4.400000095367432,-5.199999809265137
-4.400000095367432,-5.099999904632568
-4.400000095367432,-5.099999904632568
-4.400000095367432,-5.099999904632568
-4.300000190734863,-5.0
-4.300000190734863,-5.0
-4.099999904632568,-4.900000095367432
