init_top10,bo_top10
-5.5,-5.699999809265137
-5.5,-5.699999809265137
-5.4,-5.699999809265137
-5.4,-5.599999904632568
-5.3,-5.599999904632568
-5.3,-5.599999904632568
-5.2,-5.599999904632568
-5.2,-5.599999904632568
-5.2,-5.599999904632568
-5.2,-5.5
