{"LLM_time": 1361.309731721878, "train_time": 467.58594250679016, "evaluate_time": 8364.303560972214, "init_time": 6.185108661651611, "num_iterations": 110, "num_new_mol": 100}