init_top5,bo_top5
-13.899999618530272,-15.699999809265137
-12.5,-13.899999618530272
-12.100000381469728,-13.699999809265137
-12.0,-13.699999809265137
-11.699999809265137,-13.600000381469728
