init_top9,bo_top9
-13.800000190734863,-15.199999809265137
-13.100000381469728,-15.0
-12.699999809265137,-14.800000190734863
-11.600000381469728,-14.600000381469728
-11.600000381469728,-14.5
-11.5,-14.5
-11.5,-14.300000190734863
-11.5,-14.300000190734863
-11.199999809265137,-13.899999618530272
