{"LLM_time": 1275.4167656898499, "train_time": 607.7719068527222, "evaluate_time": 7291.027055501938, "init_time": 7.141754150390625, "num_iterations": 111, "num_new_mol": 102}