init_top10,bo_top10
-10.399999618530272,-10.5
-10.199999809265137,-9.899999618530272
-10.0,-9.800000190734863
-9.899999618530272,-9.800000190734863
-9.600000381469728,-9.800000190734863
-9.600000381469728,-9.699999809265137
-9.300000190734863,-9.600000381469728
-9.0,-9.600000381469728
-8.899999618530273,-9.5
-8.899999618530273,-9.5
