{"LLM_time": 748.3507714271545, "train_time": 4.744529724121094e-05, "evaluate_time": 4221.700076818466, "init_time": 4.809667587280273, "num_iterations": 64, "num_new_mol": 100}