{"LLM_time": 1214.3598713874817, "train_time": 188.82299876213074, "evaluate_time": 1988.5695974826813, "init_time": 49.203858613967896, "num_iterations": 78, "num_new_mol": 100}