init_top1,bo_top1
-8.300000190734863,-8.899999618530273
