init_top5,bo_top5
-8.300000190734863,-8.899999618530273
-8.199999809265137,-8.699999809265137
-8.100000381469727,-8.5
-7.900000095367432,-8.5
-7.699999809265137,-8.399999618530273
