{"LLM_time": 1928.836449623108, "train_time": 307.35445165634155, "evaluate_time": 4711.431787490845, "init_time": 6.933819770812988, "num_iterations": 127, "num_new_mol": 101}