init_top10,bo_top10
-9.5,-10.899999618530272
-9.199999809265137,-10.600000381469728
-9.199999809265137,-10.5
-9.199999809265137,-10.399999618530272
-9.0,-10.399999618530272
-8.899999618530273,-10.300000190734863
-8.899999618530273,-10.100000381469728
-8.800000190734863,-9.899999618530272
-8.800000190734863,-9.800000190734863
-8.699999809265137,-9.800000190734863
