init_top5,bo_top5
-9.5,-10.899999618530272
-9.199999809265137,-10.600000381469728
-9.199999809265137,-10.5
-9.199999809265137,-10.399999618530272
-9.0,-10.399999618530272
