{"LLM_time": 644.2591834068298, "train_time": 336.9119522571564, "evaluate_time": 2868.8312158584595, "init_time": 7.797246217727661, "num_iterations": 67, "num_new_mol": 102}