init_top10,bo_top10
-11.9,-13.0
-11.8,-12.199999809265137
-11.3,-12.0
-11.3,-11.800000190734863
-11.1,-11.800000190734863
-11.1,-11.800000190734863
-11.0,-11.699999809265137
-11.0,-11.600000381469728
-10.9,-11.600000381469728
-10.8,-11.399999618530272
