init_top10,bo_top10
-12.5,-12.399999618530272
-11.5,-12.300000190734863
-11.3,-11.699999809265137
-11.2,-11.399999618530272
-11.1,-11.399999618530272
-10.2,-11.100000381469728
-10.0,-11.100000381469728
-10.0,-10.699999809265137
-9.9,-10.199999809265137
-9.7,-10.199999809265137
