{"LLM_time": 4731.8683569431305, "train_time": 1436.8180003166199, "evaluate_time": 5729.332672595978, "init_time": 9.180106401443481, "num_iterations": 326, "num_new_mol": 100}