{"LLM_time": 31834.461576461792, "train_time": 6266.191173315048, "evaluate_time": 1103.2079455852509, "init_time": 19.387736082077026, "num_iterations": 2000, "num_new_mol": 16}