init_top5,bo_top5
-8.5,-8.399999618530273
-8.399999618530273,-8.199999809265137
-8.399999618530273,-8.0
-8.399999618530273,-7.800000190734863
-8.300000190734863,-7.800000190734863
