init_top20,bo_top20
-9.6,-8.600000381469727
-9.2,-8.5
-8.8,-8.5
-8.4,-8.5
-8.3,-8.399999618530273
-8.3,-8.399999618530273
-8.2,-8.399999618530273
-8.2,-8.399999618530273
-8.2,-8.300000190734863
-8.2,-8.199999809265137
-8.0,-8.199999809265137
-8.0,-8.100000381469727
-8.0,-8.0
-8.0,-8.0
-7.9,-7.900000095367432
-7.8,-7.800000190734863
-7.8,-7.800000190734863
-7.8,-7.800000190734863
-7.7,-7.800000190734863
-7.7,-7.800000190734863
