{"LLM_time": 1665.1383867263794, "train_time": 275.1360809803009, "evaluate_time": 1985.3988060951233, "init_time": 6.6377949714660645, "num_iterations": 113, "num_new_mol": 100}