init_top10,bo_top10
-7.599999904632568,-8.0
-6.800000190734863,-7.699999809265137
-6.699999809265137,-7.5
-6.5,-7.5
-6.300000190734863,-7.5
-6.199999809265137,-7.400000095367432
-6.099999904632568,-7.300000190734863
-6.099999904632568,-7.300000190734863
-6.099999904632568,-7.199999809265137
-6.0,-7.099999904632568
