init_top5,bo_top5
-7.599999904632568,-8.0
-6.800000190734863,-7.699999809265137
-6.699999809265137,-7.5
-6.5,-7.5
-6.300000190734863,-7.5
