{"LLM_time": 898.1212573051453, "train_time": 347.0970661640167, "evaluate_time": 5682.301927566528, "init_time": 14.137094020843506, "num_iterations": 71, "num_new_mol": 101}