{"LLM_time": 1671.1207990646362, "train_time": 1003.4159553050995, "evaluate_time": 808.3634958267212, "init_time": 7.482841730117798, "num_iterations": 179, "num_new_mol": 101}