init_top10,bo_top10
-12.800000190734863,-12.5
-12.600000381469728,-12.100000381469728
-12.100000381469728,-12.0
-11.699999809265137,-12.0
-11.600000381469728,-12.0
-11.5,-12.0
-11.199999809265137,-11.800000190734863
-11.100000381469728,-11.800000190734863
-11.0,-11.699999809265137
-11.0,-11.699999809265137
