init_top5,bo_top5
-12.800000190734863,-12.5
-12.600000381469728,-12.100000381469728
-12.100000381469728,-12.0
-11.699999809265137,-12.0
-11.600000381469728,-12.0
