{"LLM_time": 1911.821060180664, "train_time": 1171.7197127342224, "evaluate_time": 296.62046122550964, "init_time": 29.518141508102417, "num_iterations": 328, "num_new_mol": 100}