init_top10,bo_top10
-4.0,-3.900000095367432
-3.8,-3.900000095367432
-3.8,-3.799999952316284
-3.8,-3.799999952316284
-3.8,-3.700000047683716
-3.8,-3.700000047683716
-3.8,-3.700000047683716
-3.8,-3.700000047683716
-3.6,-3.700000047683716
-3.6,-3.700000047683716
