{"LLM_time": 4508.564222335815, "train_time": 1807.7963545322418, "evaluate_time": 7466.22940659523, "init_time": 71.22160243988037, "num_iterations": 305, "num_new_mol": 100}