init_top9,bo_top9
-11.0,-12.899999618530272
-10.5,-12.600000381469728
-10.300000190734863,-12.5
-10.100000381469728,-12.5
-10.100000381469728,-12.399999618530272
-10.100000381469728,-11.899999618530272
-10.0,-11.800000190734863
-9.899999618530272,-11.699999809265137
-9.899999618530272,-11.699999809265137
