{"LLM_time": 1663.8839824199677, "train_time": 239.87294936180115, "evaluate_time": 5600.662063360214, "init_time": 6.953763723373413, "num_iterations": 99, "num_new_mol": 101}