init_top1,bo_top1
-5.599999904632568,-6.099999904632568
