{"LLM_time": 446.55075693130493, "train_time": 4.029273986816406e-05, "evaluate_time": 934.8217740058899, "init_time": 4.427708625793457, "num_iterations": 51, "num_new_mol": 101}