{"LLM_time": 2343.1278715133667, "train_time": 288.76466131210327, "evaluate_time": 7201.7468848228455, "init_time": 6.117368221282959, "num_iterations": 117, "num_new_mol": 100}