init_top1,bo_top1
-9.600000381469728,-10.399999618530272
