init_top10,bo_top10
-9.600000381469728,-10.399999618530272
-9.5,-10.100000381469728
-9.100000381469728,-9.899999618530272
-9.100000381469728,-9.699999809265137
-9.0,-9.699999809265137
-8.899999618530273,-9.699999809265137
-8.899999618530273,-9.5
-8.800000190734863,-9.399999618530272
-8.800000190734863,-9.399999618530272
-8.800000190734863,-9.399999618530272
