{"LLM_time": 849.846920967102, "train_time": 375.82599210739136, "evaluate_time": 3537.5449249744415, "init_time": 8.164428472518921, "num_iterations": 81, "num_new_mol": 100}