init_top9,bo_top9
-10.899999618530272,-9.5
-9.899999618530272,-9.5
-9.600000381469728,-9.399999618530272
-9.5,-9.300000190734863
-9.399999618530272,-9.199999809265137
-9.399999618530272,-9.199999809265137
-9.300000190734863,-9.199999809265137
-9.100000381469728,-9.100000381469728
-8.899999618530273,-9.100000381469728
