{"LLM_time": 780.7294149398804, "train_time": 140.71575903892517, "evaluate_time": 1548.3475954532623, "init_time": 5.93064022064209, "num_iterations": 67, "num_new_mol": 102}