init_top1,bo_top1
-6.300000190734863,-7.199999809265137
