{"LLM_time": 1250.645579814911, "train_time": 749.2224748134613, "evaluate_time": 1949.7152032852173, "init_time": 7.3973119258880615, "num_iterations": 140, "num_new_mol": 101}