init_top20,bo_top20
-11.9,-13.0
-11.8,-12.199999809265137
-11.3,-12.0
-11.3,-11.800000190734863
-11.1,-11.800000190734863
-11.1,-11.800000190734863
-11.0,-11.699999809265137
-11.0,-11.600000381469728
-10.9,-11.600000381469728
-10.8,-11.399999618530272
-10.7,-11.199999809265137
-10.7,-11.199999809265137
-10.6,-11.0
-10.6,-10.899999618530272
-10.6,-10.800000190734863
-10.5,-10.699999809265137
-10.5,-10.699999809265137
-10.2,-10.699999809265137
-10.1,-10.600000381469728
-10.1,-10.600000381469728
