init_top5,bo_top5
-11.9,-13.0
-11.8,-12.199999809265137
-11.3,-12.0
-11.3,-11.800000190734863
-11.1,-11.800000190734863
