init_top9,bo_top9
-12.5,-12.5
-12.3,-12.5
-12.1,-12.100000381469728
-12.0,-12.0
-11.9,-11.899999618530272
-11.7,-11.899999618530272
-11.5,-11.800000190734863
-11.1,-11.800000190734863
-11.1,-11.699999809265137
