init_top10,bo_top10
-12.4,-13.300000190734863
-11.9,-13.199999809265137
-11.9,-13.0
-11.8,-12.699999809265137
-11.4,-12.600000381469728
-11.3,-12.600000381469728
-11.3,-12.399999618530272
-11.3,-12.399999618530272
-11.2,-12.399999618530272
-11.2,-12.300000190734863
