init_top5,bo_top5
-12.4,-13.300000190734863
-11.9,-13.199999809265137
-11.9,-13.0
-11.8,-12.699999809265137
-11.4,-12.600000381469728
