{"LLM_time": 762.9878664016724, "train_time": 5.459785461425781e-05, "evaluate_time": 1971.4227011203766, "init_time": 9.539077281951904, "num_iterations": 60, "num_new_mol": 101}