init_top10,bo_top10
-11.699999809265137,-12.100000381469728
-10.5,-11.699999809265137
-10.300000190734863,-11.300000190734863
-10.300000190734863,-11.0
-10.199999809265137,-11.0
-10.100000381469728,-10.899999618530272
-10.0,-10.899999618530272
-10.0,-10.899999618530272
-9.899999618530272,-10.899999618530272
-9.800000190734863,-10.800000190734863
