init_top9,bo_top9
-10.899999618530272,-11.300000190734863
-10.399999618530272,-10.399999618530272
-10.300000190734863,-10.300000190734863
-10.199999809265137,-10.300000190734863
-9.899999618530272,-10.100000381469728
-9.899999618530272,-10.0
-9.699999809265137,-10.0
-9.399999618530272,-9.899999618530272
-9.199999809265137,-9.5
