{"LLM_time": 633.2575469017029, "train_time": 5.245208740234375e-05, "evaluate_time": 3540.7307732105255, "init_time": 76.74902963638306, "num_iterations": 61, "num_new_mol": 100}