init_top5,bo_top5
-11.800000190734863,-11.300000190734863
-10.699999809265137,-11.0
-10.100000381469728,-11.0
-9.899999618530272,-10.899999618530272
-9.800000190734863,-10.899999618530272
