{"LLM_time": 714.094920873642, "train_time": 254.1172308921814, "evaluate_time": 1036.7472341060638, "init_time": 59.86214995384216, "num_iterations": 64, "num_new_mol": 100}