{"LLM_time": 1394.9264483451843, "train_time": 651.8122708797455, "evaluate_time": 2716.2367630004883, "init_time": 78.73959565162659, "num_iterations": 118, "num_new_mol": 100}