{"LLM_time": 837.9218406677246, "train_time": 4.839897155761719e-05, "evaluate_time": 2791.5455803871155, "init_time": 4.851892471313477, "num_iterations": 70, "num_new_mol": 101}