init_top10,bo_top10
-10.1,-9.5
-9.4,-9.399999618530272
-9.1,-9.300000190734863
-9.0,-9.199999809265137
-9.0,-9.100000381469728
-8.7,-9.100000381469728
-8.7,-9.100000381469728
-8.7,-9.100000381469728
-8.5,-9.0
-8.4,-9.0
