{"LLM_time": 506.1656324863434, "train_time": 115.91120338439941, "evaluate_time": 487.58986949920654, "init_time": 6.001132011413574, "num_iterations": 62, "num_new_mol": 100}