init_top5,bo_top5
-5.699999809265137,-5.5
-5.199999809265137,-5.400000095367432
-4.900000095367432,-5.199999809265137
-4.699999809265137,-5.099999904632568
-4.699999809265137,-5.099999904632568
