{"LLM_time": 428.8037872314453, "train_time": 219.60055685043335, "evaluate_time": 1637.3376557826996, "init_time": 77.38464498519897, "num_iterations": 68, "num_new_mol": 100}