{"LLM_time": 406.4530005455017, "train_time": 4.553794860839844e-05, "evaluate_time": 876.9480438232422, "init_time": 4.634679317474365, "num_iterations": 53, "num_new_mol": 100}