init_top20,bo_top20
-9.4,-9.699999809265137
-9.4,-9.300000190734863
-9.4,-9.199999809265137
-9.0,-9.0
-9.0,-9.0
-8.8,-8.699999809265137
-8.8,-8.699999809265137
-8.8,-8.600000381469727
-8.6,-8.600000381469727
-8.6,-8.399999618530273
-8.5,-8.300000190734863
-8.4,-8.300000190734863
-8.3,-8.300000190734863
-8.2,-8.199999809265137
-8.1,-8.199999809265137
-8.1,-8.100000381469727
-7.9,-8.100000381469727
-7.9,-8.100000381469727
-7.9,-8.0
-7.8,-8.0
