init_top10,bo_top10
-10.9,-11.199999809265137
-10.5,-11.100000381469728
-10.4,-11.100000381469728
-9.7,-11.100000381469728
-9.5,-11.0
-9.5,-11.0
-9.4,-10.899999618530272
-9.3,-10.699999809265137
-9.3,-10.699999809265137
-9.3,-10.600000381469728
