{"LLM_time": 1051.4454455375671, "train_time": 623.1872432231903, "evaluate_time": 1525.293749332428, "init_time": 6.081430673599243, "num_iterations": 117, "num_new_mol": 101}