{"LLM_time": 1259.183022737503, "train_time": 628.288551568985, "evaluate_time": 2890.451322078705, "init_time": 7.627509832382202, "num_iterations": 119, "num_new_mol": 101}