Molecule,Docking Score,QED Score,MW score,LogP Score,SA Score,Generated Source
CC1=CC=C2C1=C1C=C1C(C1C=CC=CC1)=C(C(=O)O)C2C,-9.399999618530273,0.824180344259243,290.362,4.2725000000000035,0.5467041009727458,repairer
CC1C=CC=CC1CC(CO)C1CCCCCC1,-9.199999809265137,0.7340161248535516,248.4099999999999,4.333700000000004,0.6086566006133864,repairer
CC1=CC=C2C1=C1CC1=C1CC=CC=CC1=C(C(=O)O)C2C,-8.199999809265137,0.7760271246167807,290.362,4.416600000000003,0.5701598385789668,repairer
