{"LLM_time": 15406.294738054276, "train_time": 8127.505840063095, "evaluate_time": 27.57646679878235, "init_time": 11.642228364944458, "num_iterations": 2000, "num_new_mol": 3}