init_top1,bo_top1
-11.300000190734863,-12.100000381469728
