init_top9,bo_top9
-9.800000190734863,-9.699999809265137
-9.800000190734863,-9.699999809265137
-9.300000190734863,-9.399999618530272
-9.199999809265137,-9.399999618530272
-8.600000381469727,-9.399999618530272
-8.300000190734863,-9.199999809265137
-8.199999809265137,-9.199999809265137
-8.100000381469727,-9.100000381469728
-8.100000381469727,-9.100000381469728
