{"LLM_time": 2462.670630455017, "train_time": 885.3496150970459, "evaluate_time": 2715.862741470337, "init_time": 8.59946870803833, "num_iterations": 213, "num_new_mol": 100}