{"LLM_time": 1505.139835357666, "train_time": 528.1459319591522, "evaluate_time": 4356.352105617523, "init_time": 6.959657430648804, "num_iterations": 120, "num_new_mol": 100}