init_top1,bo_top1
-13.300000190734863,-12.899999618530272
