{"LLM_time": 5795.649353504181, "train_time": 2183.9199137687683, "evaluate_time": 1991.5430221557617, "init_time": 8.191691637039185, "num_iterations": 503, "num_new_mol": 100}