init_top5,bo_top5
-10.100000381469728,-11.300000190734863
-9.699999809265137,-11.199999809265137
-9.5,-11.0
-9.300000190734863,-10.899999618530272
-9.300000190734863,-10.699999809265137
