init_top9,bo_top9
-10.0,-11.5
-10.0,-11.199999809265137
-9.899999618530272,-10.699999809265137
-9.899999618530272,-10.600000381469728
-9.600000381469728,-10.600000381469728
-9.399999618530272,-10.399999618530272
-9.300000190734863,-10.300000190734863
-9.199999809265137,-10.100000381469728
-8.899999618530273,-10.0
