init_top20,bo_top20
-6.6,-6.5
-6.2,-6.300000190734863
-6.2,-6.199999809265137
-5.8,-6.199999809265137
-5.8,-6.0
-5.7,-5.900000095367432
-5.6,-5.900000095367432
-5.5,-5.800000190734863
-5.5,-5.800000190734863
-5.5,-5.699999809265137
-5.5,-5.699999809265137
-5.5,-5.599999904632568
-5.4,-5.5
-5.3,-5.5
-5.3,-5.400000095367432
-5.2,-5.400000095367432
-5.2,-5.300000190734863
-5.1,-5.300000190734863
-5.0,-5.300000190734863
-5.0,-5.199999809265137
