init_top9,bo_top9
-6.6,-6.5
-6.1,-6.300000190734863
-6.0,-6.099999904632568
-6.0,-6.099999904632568
-5.9,-6.099999904632568
-5.8,-6.0
-5.8,-6.0
-5.8,-6.0
-5.8,-5.900000095367432
