{"LLM_time": 4588.11226940155, "train_time": 445.1575083732605, "evaluate_time": 16450.863956212997, "init_time": 6.53501558303833, "num_iterations": 180, "num_new_mol": 100}