init_top5,bo_top5
-9.100000381469728,-11.5
-8.699999809265137,-10.899999618530272
-8.600000381469727,-10.699999809265137
-8.600000381469727,-10.699999809265137
-8.5,-10.600000381469728
