{"LLM_time": 2614.2449810504913, "train_time": 272.4671378135681, "evaluate_time": 10172.573837041855, "init_time": 6.88722562789917, "num_iterations": 103, "num_new_mol": 100}