init_top1,bo_top1
-9.699999809265137,-9.199999809265137
