init_top10,bo_top10
-9.699999809265137,-9.199999809265137
-9.5,-9.199999809265137
-9.5,-8.899999618530273
-9.5,-8.899999618530273
-9.399999618530272,-8.699999809265137
-9.300000190734863,-8.600000381469727
-9.199999809265137,-8.5
-8.899999618530273,-8.5
-8.899999618530273,-8.399999618530273
-8.800000190734863,-8.300000190734863
