init_top5,bo_top5
-9.699999809265137,-9.199999809265137
-9.5,-9.199999809265137
-9.5,-8.899999618530273
-9.5,-8.899999618530273
-9.399999618530272,-8.699999809265137
