Molecule,Docking Score,QED Score,MW score,LogP Score,SA Score,Generated Source
O=C1CCC2=CC(C3CC3C3=NNCN3)=CCC12,-5.699999809265137,0.7688455604781598,243.31,1.3218999999999999,0.4869330826944404,repairer
