{"LLM_time": 14569.412939786911, "train_time": 8208.021778583527, "evaluate_time": 12.161016464233398, "init_time": 57.00531029701233, "num_iterations": 2000, "num_new_mol": 1}