{"LLM_time": 800.0676870346069, "train_time": 138.35245990753174, "evaluate_time": 1054.0875976085663, "init_time": 6.097470045089722, "num_iterations": 61, "num_new_mol": 100}