init_top5,bo_top5
-6.800000190734863,-6.400000095367432
-6.300000190734863,-6.300000190734863
-5.699999809265137,-6.199999809265137
-5.5,-6.199999809265137
-5.5,-6.199999809265137
