init_top20,bo_top20
-5.7,-5.699999809265137
-5.5,-5.699999809265137
-5.5,-5.699999809265137
-5.5,-5.599999904632568
-5.4,-5.400000095367432
-5.2,-5.400000095367432
-5.2,-5.400000095367432
-5.2,-5.400000095367432
-5.1,-5.300000190734863
-5.1,-5.300000190734863
-5.1,-5.300000190734863
-5.0,-5.199999809265137
-4.9,-5.199999809265137
-4.9,-5.199999809265137
-4.9,-5.099999904632568
-4.9,-5.099999904632568
-4.9,-5.099999904632568
-4.8,-5.0
-4.8,-5.0
-4.7,-5.0
