init_top9,bo_top9
-5.8,-5.699999809265137
-5.7,-5.699999809265137
-5.5,-5.599999904632568
-5.4,-5.599999904632568
-5.3,-5.5
-5.3,-5.5
-5.3,-5.5
-5.2,-5.400000095367432
-5.2,-5.400000095367432
