{"LLM_time": 701.493373632431, "train_time": 385.099648475647, "evaluate_time": 662.6484339237213, "init_time": 8.396912336349487, "num_iterations": 86, "num_new_mol": 101}