init_top1,bo_top1
-12.100000381469728,-12.199999809265137
