{"LLM_time": 821.8047316074371, "train_time": 713.8095464706421, "evaluate_time": 409.42561745643616, "init_time": 6.1488378047943115, "num_iterations": 156, "num_new_mol": 101}