{"LLM_time": 323.9992263317108, "train_time": 218.65516901016235, "evaluate_time": 451.3419780731201, "init_time": 7.304074287414551, "num_iterations": 47, "num_new_mol": 103}