{"LLM_time": 479.12587118148804, "train_time": 3.6716461181640625e-05, "evaluate_time": 1576.299768447876, "init_time": 4.422436237335205, "num_iterations": 52, "num_new_mol": 100}