{"LLM_time": 562.0366177558899, "train_time": 3.337860107421875e-05, "evaluate_time": 5507.185080528259, "init_time": 2.9435839653015137, "num_iterations": 54, "num_new_mol": 100}