init_top10,bo_top10
-9.6,-9.600000381469728
-9.1,-9.100000381469728
-9.1,-8.899999618530273
-9.0,-8.699999809265137
-8.9,-8.600000381469727
-8.8,-8.5
-8.8,-8.5
-8.8,-8.5
-8.8,-8.399999618530273
-8.5,-8.399999618530273
