init_top20,bo_top20
-9.6,-9.600000381469728
-9.1,-9.100000381469728
-9.1,-8.899999618530273
-9.0,-8.699999809265137
-8.9,-8.600000381469727
-8.8,-8.5
-8.8,-8.5
-8.8,-8.5
-8.8,-8.399999618530273
-8.5,-8.399999618530273
-8.5,-8.399999618530273
-8.4,-8.399999618530273
-8.4,-8.300000190734863
-8.4,-8.300000190734863
-8.3,-8.199999809265137
-8.3,-8.199999809265137
-8.2,-8.0
-8.1,-7.900000095367432
-8.1,-7.900000095367432
-8.0,-7.900000095367432
