init_top5,bo_top5
-9.6,-9.600000381469728
-9.1,-9.100000381469728
-9.1,-8.899999618530273
-9.0,-8.699999809265137
-8.9,-8.600000381469727
