init_top9,bo_top9
-9.5,-9.699999809265137
-9.5,-9.199999809265137
-9.2,-9.199999809265137
-9.2,-9.100000381469728
-8.8,-9.0
-8.7,-8.899999618530273
-8.7,-8.800000190734863
-8.7,-8.699999809265137
-8.7,-8.600000381469727
