{"LLM_time": 1133.2349116802216, "train_time": 528.4789111614227, "evaluate_time": 1659.1210007667542, "init_time": 7.772401571273804, "num_iterations": 112, "num_new_mol": 101}