init_top1,bo_top1
-11.100000381469728,-10.199999809265137
