init_top5,bo_top5
-11.100000381469728,-10.199999809265137
-10.300000190734863,-9.699999809265137
-9.800000190734863,-9.399999618530272
-9.300000190734863,-9.300000190734863
-9.100000381469728,-9.199999809265137
