init_top20,bo_top20
-8.4,-8.800000190734863
-8.4,-8.699999809265137
-8.3,-8.699999809265137
-8.2,-8.600000381469727
-8.2,-8.5
-8.1,-8.5
-8.0,-8.399999618530273
-7.9,-8.300000190734863
-7.8,-8.300000190734863
-7.8,-8.300000190734863
-7.6,-8.199999809265137
-7.5,-8.100000381469727
-7.5,-8.0
-7.4,-8.0
-7.4,-8.0
-7.4,-8.0
-7.4,-8.0
-7.4,-7.900000095367432
-7.3,-7.900000095367432
-7.3,-7.800000190734863
