init_top9,bo_top9
-10.899999618530272,-11.800000190734863
-10.800000190734863,-11.699999809265137
-10.600000381469728,-11.5
-10.399999618530272,-11.300000190734863
-10.0,-11.100000381469728
-10.0,-11.100000381469728
-9.899999618530272,-11.100000381469728
-9.899999618530272,-10.800000190734863
-9.899999618530272,-10.699999809265137
