{"LLM_time": 239.90846586227417, "train_time": 5.221366882324219e-05, "evaluate_time": 239.0430338382721, "init_time": 4.591979742050171, "num_iterations": 51, "num_new_mol": 101}