init_top10,bo_top10
-5.8,-7.5
-5.4,-7.199999809265137
-4.9,-7.0
-4.8,-6.900000095367432
-4.5,-6.800000190734863
-4.5,-6.800000190734863
-4.5,-6.800000190734863
-4.4,-6.699999809265137
-4.4,-6.599999904632568
-4.3,-6.599999904632568
