{"LLM_time": 11903.169417142868, "train_time": 3484.8715455532074, "evaluate_time": 99.42510151863098, "init_time": 66.06910371780396, "num_iterations": 2000, "num_new_mol": 10}