init_top20,bo_top20
-6.4,-6.5
-6.4,-6.300000190734863
-6.3,-6.199999809265137
-6.0,-6.199999809265137
-6.0,-6.099999904632568
-5.9,-6.099999904632568
-5.8,-6.099999904632568
-5.8,-6.0
-5.8,-5.900000095367432
-5.7,-5.800000190734863
-5.6,-5.800000190734863
-5.5,-5.800000190734863
-5.5,-5.800000190734863
-5.4,-5.800000190734863
-5.4,-5.699999809265137
-5.4,-5.699999809265137
-5.4,-5.699999809265137
-5.3,-5.599999904632568
-5.3,-5.599999904632568
-5.2,-5.5
