init_top9,bo_top9
-6.4,-6.900000095367432
-6.3,-6.699999809265137
-6.2,-6.599999904632568
-6.1,-6.5
-5.9,-6.5
-5.8,-6.400000095367432
-5.8,-6.400000095367432
-5.5,-6.400000095367432
-5.5,-6.300000190734863
