{"LLM_time": 665.5023970603943, "train_time": 4.029273986816406e-05, "evaluate_time": 4264.281064271927, "init_time": 4.224084854125977, "num_iterations": 58, "num_new_mol": 100}