init_top10,bo_top10
-9.699999809265137,-10.800000190734863
-9.5,-10.5
-9.5,-10.300000190734863
-9.199999809265137,-10.199999809265137
-9.100000381469728,-10.100000381469728
-8.899999618530273,-10.0
-8.899999618530273,-9.899999618530272
-8.800000190734863,-9.899999618530272
-8.800000190734863,-9.800000190734863
-8.800000190734863,-9.800000190734863
