init_top5,bo_top5
-9.699999809265137,-10.800000190734863
-9.5,-10.5
-9.5,-10.300000190734863
-9.199999809265137,-10.199999809265137
-9.100000381469728,-10.100000381469728
