init_top9,bo_top9
-10.5,-10.5
-10.5,-10.300000190734863
-10.100000381469728,-10.300000190734863
-10.0,-10.300000190734863
-9.899999618530272,-10.300000190734863
-9.5,-10.199999809265137
-9.5,-10.100000381469728
-9.300000190734863,-10.100000381469728
-9.300000190734863,-10.100000381469728
