{"LLM_time": 5120.942371845245, "train_time": 486.31233978271484, "evaluate_time": 9648.550038337708, "init_time": 6.3732078075408936, "num_iterations": 202, "num_new_mol": 100}