init_top10,bo_top10
-11.399999618530272,-13.5
-11.0,-13.199999809265137
-10.899999618530272,-13.199999809265137
-10.899999618530272,-13.100000381469728
-10.699999809265137,-12.800000190734863
-10.600000381469728,-12.600000381469728
-10.5,-12.399999618530272
-10.5,-12.300000190734863
-10.399999618530272,-12.0
-10.399999618530272,-11.800000190734863
