init_top5,bo_top5
-11.399999618530272,-13.5
-11.0,-13.199999809265137
-10.899999618530272,-13.199999809265137
-10.899999618530272,-13.100000381469728
-10.699999809265137,-12.800000190734863
