init_top9,bo_top9
-12.5,-13.300000190734863
-11.899999618530272,-12.899999618530272
-11.5,-12.899999618530272
-11.300000190734863,-12.699999809265137
-11.100000381469728,-12.5
-10.899999618530272,-12.100000381469728
-10.899999618530272,-12.0
-10.699999809265137,-11.899999618530272
-10.5,-11.899999618530272
