{"LLM_time": 5309.76450252533, "train_time": 2499.20166516304, "evaluate_time": 6966.512521028519, "init_time": 7.115517854690552, "num_iterations": 640, "num_new_mol": 100}