{"LLM_time": 24279.531839609146, "train_time": 19511.8147649765, "evaluate_time": 1153.3588109016418, "init_time": 92.49870443344116, "num_iterations": 223, "num_new_mol": 101}