{"LLM_time": 5786.175072431564, "train_time": 2239.4118411540985, "evaluate_time": 3000.8796651363373, "init_time": 74.55869388580322, "num_iterations": 451, "num_new_mol": 100}