{"LLM_time": 4758.306097984314, "train_time": 1800.7548270225525, "evaluate_time": 1889.0710282325745, "init_time": 10.74086594581604, "num_iterations": 495, "num_new_mol": 101}