{"LLM_time": 686.7908327579498, "train_time": 3.910064697265625e-05, "evaluate_time": 3662.695467233658, "init_time": 9.327187061309814, "num_iterations": 56, "num_new_mol": 100}