init_top5,bo_top5
-11.300000190734863,-10.899999618530272
-11.0,-10.800000190734863
-10.800000190734863,-10.800000190734863
-10.600000381469728,-10.699999809265137
-10.5,-10.600000381469728
