init_top5,bo_top5
-8.5,-9.300000190734863
-8.5,-9.199999809265137
-8.4,-9.0
-8.3,-8.800000190734863
-8.1,-8.800000190734863
