{"LLM_time": 520.1130504608154, "train_time": 3.6716461181640625e-05, "evaluate_time": 5928.590336322784, "init_time": 4.705001354217529, "num_iterations": 47, "num_new_mol": 100}