init_top10,bo_top10
-8.7,-8.699999809265137
-8.6,-8.399999618530273
-8.0,-8.300000190734863
-7.9,-8.300000190734863
-7.9,-8.199999809265137
-7.7,-8.199999809265137
-7.7,-8.100000381469727
-7.6,-8.100000381469727
-7.6,-8.100000381469727
-7.5,-8.0
