init_top20,bo_top20
-8.7,-8.699999809265137
-8.6,-8.399999618530273
-8.0,-8.300000190734863
-7.9,-8.300000190734863
-7.9,-8.199999809265137
-7.7,-8.199999809265137
-7.7,-8.100000381469727
-7.6,-8.100000381469727
-7.6,-8.100000381469727
-7.5,-8.0
-7.5,-8.0
-7.3,-8.0
-7.3,-7.900000095367432
-7.3,-7.800000190734863
-7.2,-7.800000190734863
-7.2,-7.699999809265137
-7.1,-7.699999809265137
-7.1,-7.699999809265137
-7.1,-7.599999904632568
-7.1,-7.599999904632568
