init_top5,bo_top5
-8.7,-8.699999809265137
-8.6,-8.399999618530273
-8.0,-8.300000190734863
-7.9,-8.300000190734863
-7.9,-8.199999809265137
