{"LLM_time": 298.7462239265442, "train_time": 4.220008850097656e-05, "evaluate_time": 527.1234076023102, "init_time": 4.709964036941528, "num_iterations": 43, "num_new_mol": 100}