init_top5,bo_top5
-6.8,-7.0
-6.6,-6.800000190734863
-6.5,-6.699999809265137
-6.5,-6.699999809265137
-6.3,-6.699999809265137
