{"LLM_time": 1234.4270176887512, "train_time": 562.9551513195038, "evaluate_time": 2300.083395242691, "init_time": 7.654772996902466, "num_iterations": 99, "num_new_mol": 101}