init_top9,bo_top9
-12.5,-12.800000190734863
-12.1,-12.699999809265137
-12.0,-12.699999809265137
-11.3,-12.300000190734863
-11.2,-11.699999809265137
-11.2,-11.5
-11.1,-11.5
-11.1,-11.5
-11.1,-11.399999618530272
