{"LLM_time": 1773.9026608467102, "train_time": 315.68381357192993, "evaluate_time": 1203.777046918869, "init_time": 5.9896464347839355, "num_iterations": 140, "num_new_mol": 102}