init_top10,bo_top10
-7.300000190734863,-8.199999809265137
-7.0,-8.199999809265137
-7.0,-8.199999809265137
-6.900000095367432,-8.199999809265137
-6.800000190734863,-8.100000381469727
-6.800000190734863,-7.900000095367432
-6.699999809265137,-7.800000190734863
-6.699999809265137,-7.800000190734863
-6.599999904632568,-7.699999809265137
-6.599999904632568,-7.599999904632568
