init_top1,bo_top1
-7.300000190734863,-8.199999809265137
