init_top5,bo_top5
-7.300000190734863,-8.199999809265137
-7.0,-8.199999809265137
-7.0,-8.199999809265137
-6.900000095367432,-8.199999809265137
-6.800000190734863,-8.100000381469727
