{"LLM_time": 1236.3940162658691, "train_time": 516.5505905151367, "evaluate_time": 4745.180321455002, "init_time": 68.99137544631958, "num_iterations": 110, "num_new_mol": 100}