{"LLM_time": 847.2240052223206, "train_time": 446.3100275993347, "evaluate_time": 1245.8336670398712, "init_time": 6.822080373764038, "num_iterations": 87, "num_new_mol": 100}