init_top20,bo_top20
-8.3,-8.300000190734863
-7.9,-8.0
-7.8,-7.900000095367432
-7.8,-7.800000190734863
-7.7,-7.599999904632568
-7.7,-7.599999904632568
-7.7,-7.199999809265137
-7.6,-7.199999809265137
-7.6,-7.199999809265137
-7.5,-7.199999809265137
-7.4,-7.099999904632568
-7.4,-7.0
-7.4,-7.0
-7.2,-6.900000095367432
-7.2,-6.900000095367432
-7.2,-6.900000095367432
-7.0,-6.900000095367432
-7.0,-6.900000095367432
-7.0,-6.900000095367432
-6.9,-6.900000095367432
