init_top5,bo_top5
-8.3,-8.300000190734863
-7.9,-8.0
-7.8,-7.900000095367432
-7.8,-7.800000190734863
-7.7,-7.599999904632568
