{"LLM_time": 1795.6191380023956, "train_time": 502.0613579750061, "evaluate_time": 10082.90858244896, "init_time": 24.49616265296936, "num_iterations": 145, "num_new_mol": 100}