init_top10,bo_top10
-11.800000190734863,-11.300000190734863
-10.699999809265137,-11.0
-10.100000381469728,-11.0
-9.899999618530272,-10.899999618530272
-9.800000190734863,-10.899999618530272
-9.800000190734863,-10.899999618530272
-9.699999809265137,-10.699999809265137
-9.699999809265137,-10.600000381469728
-9.699999809265137,-10.600000381469728
-9.699999809265137,-10.300000190734863
