{"LLM_time": 645.3649125099182, "train_time": 3.910064697265625e-05, "evaluate_time": 6864.999729394913, "init_time": 4.262294769287109, "num_iterations": 55, "num_new_mol": 100}