smiles,docking_score,qed,sascore,logp,mw
CC1(CC=O)COC(COCOCC(C=C(O)CC(O)CO)C(O)COC2COCC2O)C1O,-9.2,0.06175165352123331,0.4435272977976871,-1.7292999999999947,494.5340000000002
CC(CO)CCOC1CCC2(C=CCCC2)OC2=C1CC(CN1CCCC3CCCCC31)C2,-13.1,0.4763069110799,0.46925269559546134,5.998100000000007,457.6990000000004
CC(C)C(F)OC(C)(CO)C(O)C1CC2=CC(O)C(O)CC2C1OC(=O)COC1CCC(=O)CC1C=O,-12.7,0.16938487471751873,0.4232218722084299,0.6196000000000006,530.5860000000002
O=CC(C=O)COC(CO)CC(OOCCCC=CC=CC(=O)O)=C1CC(O)C(O)(O)CO1,-8.5,0.021939396009955005,0.4941629609520894,-0.6328999999999994,474.4590000000003
CCC(C)CC(O)C1CC(OC2COCCO2)C(OCC(O)(CCC(C)O)C(O)CCO)O1,-9.8,0.22176469126906023,0.4686497247078633,0.3086000000000022,480.5950000000004
CC(OCCO)C(=O)OC(C)C(O)COC(CC(=O)C(O)CCO)OC(CO)CC=O,-7.8,0.07973817824844766,0.4999261012077584,-2.311899999999994,454.4690000000002
CC=CCC1C(CCC(O)CO)=C(OCCC=C=C(C)O)OC1C,-9.2,0.2463135339985934,0.5052577837388048,3.3561000000000023,338.444
C=C(C)C=CCC(CCC(O)CC)OC(=O)COCC1CCCCC1,-8.9,0.4128435724512903,0.6378347905640088,4.568600000000004,352.51500000000004
CCC(O)CC=C(CCCCCCC(=O)O)CCC(O)CC(C)=O,-8.4,0.3119984538712669,0.6488100133262046,3.619200000000002,342.4760000000001
