init_top10,bo_top10
-8.6,-9.5
-8.5,-9.300000190734863
-8.4,-9.199999809265137
-8.2,-9.0
-7.8,-9.0
-7.4,-8.399999618530273
-7.4,-8.300000190734863
-6.7,-8.199999809265137
-6.6,-8.199999809265137
,-8.199999809265137
