{"LLM_time": 543.303685426712, "train_time": 4.100799560546875e-05, "evaluate_time": 2638.6016459465027, "init_time": 5.545423269271851, "num_iterations": 52, "num_new_mol": 101}