init_top5,bo_top5
-10.100000381469728,-11.300000190734863
-9.699999809265137,-10.399999618530272
-9.199999809265137,-9.899999618530272
-9.100000381469728,-9.899999618530272
-8.800000190734863,-9.800000190734863
