{"LLM_time": 12389.057728767395, "train_time": 4238.856012582779, "evaluate_time": 5372.088174819946, "init_time": 8.208392143249512, "num_iterations": 880, "num_new_mol": 100}