init_top5,bo_top5
-12.0,-12.300000190734863
-11.899999618530272,-12.100000381469728
-11.800000190734863,-12.0
-11.600000381469728,-11.899999618530272
-11.5,-11.800000190734863
