{"LLM_time": 721.5383787155151, "train_time": 4.315376281738281e-05, "evaluate_time": 3632.2731919288635, "init_time": 4.700552701950073, "num_iterations": 62, "num_new_mol": 100}