{"LLM_time": 3822.0152716636658, "train_time": 1653.2214591503143, "evaluate_time": 2882.6769716739655, "init_time": 9.160181760787964, "num_iterations": 394, "num_new_mol": 100}