init_top9,bo_top9
-9.899999618530272,-9.699999809265137
-9.699999809265137,-9.699999809265137
-9.300000190734863,-9.600000381469728
-8.800000190734863,-9.5
-8.800000190734863,-9.5
-8.699999809265137,-9.5
-8.699999809265137,-9.199999809265137
-8.399999618530273,-9.199999809265137
-8.300000190734863,-9.199999809265137
