init_top5,bo_top5
-7.5,-10.100000381469728
-7.4,-8.899999618530273
-7.2,-8.899999618530273
-7.2,-7.900000095367432
-7.1,-7.599999904632568
