{"LLM_time": 4162.42001080513, "train_time": 1174.588618516922, "evaluate_time": 5728.4917895793915, "init_time": 7.634199380874634, "num_iterations": 319, "num_new_mol": 100}