{"LLM_time": 20417.190002918243, "train_time": 10924.670663833618, "evaluate_time": 171.40223574638367, "init_time": 16.881481885910034, "num_iterations": 2000, "num_new_mol": 10}