init_top9,bo_top9
-11.600000381469728,-11.600000381469728
-10.600000381469728,-11.399999618530272
-10.5,-11.399999618530272
-10.399999618530272,-11.199999809265137
-10.300000190734863,-11.0
-10.199999809265137,-11.0
-10.100000381469728,-10.899999618530272
-10.0,-10.899999618530272
-10.0,-10.899999618530272
