{"LLM_time": 711.4329328536987, "train_time": 4.839897155761719e-05, "evaluate_time": 2707.1399924755096, "init_time": 5.99725079536438, "num_iterations": 64, "num_new_mol": 100}