{"LLM_time": 2416.403160572052, "train_time": 253.01178622245789, "evaluate_time": 5415.4517686367035, "init_time": 6.2311484813690186, "num_iterations": 95, "num_new_mol": 100}