init_top1,bo_top1
-8.199999809265137,-10.100000381469728
