init_top5,bo_top5
-8.199999809265137,-10.100000381469728
-8.199999809265137,-9.600000381469728
-8.0,-9.5
-7.900000095367432,-9.300000190734863
-7.900000095367432,-9.300000190734863
