{"LLM_time": 688.63023686409, "train_time": 4.0531158447265625e-05, "evaluate_time": 2463.6152017116547, "init_time": 4.5928099155426025, "num_iterations": 59, "num_new_mol": 100}