init_top5,bo_top5
-12.7,-12.600000381469728
-12.4,-12.5
-12.4,-12.199999809265137
-12.3,-12.100000381469728
-12.1,-12.100000381469728
