{"LLM_time": 1780.2057518959045, "train_time": 240.6073215007782, "evaluate_time": 3692.3265035152435, "init_time": 7.098344326019287, "num_iterations": 91, "num_new_mol": 100}