init_top5,bo_top5
-9.699999809265137,-10.300000190734863
-9.399999618530272,-10.199999809265137
-8.899999618530273,-10.100000381469728
-8.899999618530273,-10.100000381469728
-8.699999809265137,-10.0
