{"LLM_time": 423.2602939605713, "train_time": 3.981590270996094e-05, "evaluate_time": 964.4651420116425, "init_time": 4.83135199546814, "num_iterations": 49, "num_new_mol": 102}