init_top5,bo_top5
-10.7,-11.199999809265137
-10.6,-11.100000381469728
-10.4,-10.899999618530272
-10.2,-10.699999809265137
-9.8,-10.5
