{"LLM_time": 721.222181558609, "train_time": 146.61072707176208, "evaluate_time": 519.7127254009247, "init_time": 5.934643745422363, "num_iterations": 73, "num_new_mol": 101}