init_top10,bo_top10
-6.5,-6.800000190734863
-6.0,-6.400000095367432
-5.900000095367432,-6.400000095367432
-5.900000095367432,-6.400000095367432
-5.900000095367432,-6.300000190734863
-5.800000190734863,-6.300000190734863
-5.699999809265137,-6.300000190734863
-5.699999809265137,-6.099999904632568
-5.599999904632568,-6.099999904632568
-5.300000190734863,-6.099999904632568
