init_top5,bo_top5
-6.5,-6.800000190734863
-6.0,-6.400000095367432
-5.900000095367432,-6.400000095367432
-5.900000095367432,-6.400000095367432
-5.900000095367432,-6.300000190734863
