{"LLM_time": 569.8998467922211, "train_time": 6.318092346191406e-05, "evaluate_time": 1201.6163067817688, "init_time": 5.225012540817261, "num_iterations": 70, "num_new_mol": 102}