init_top9,bo_top9
-10.399999618530272,-9.100000381469728
-10.199999809265137,-8.699999809265137
-9.899999618530272,-8.600000381469727
-9.0,-8.600000381469727
-8.800000190734863,-8.600000381469727
-8.800000190734863,-8.5
-8.600000381469727,-8.399999618530273
-8.600000381469727,-8.300000190734863
-8.300000190734863,-8.300000190734863
