init_top5,bo_top5
-9.699999809265137,-8.600000381469727
-9.300000190734863,-8.5
-9.0,-8.300000190734863
-8.800000190734863,-8.0
-8.600000381469727,-8.0
