init_top9,bo_top9
-9.399999618530272,-9.0
-9.300000190734863,-8.899999618530273
-9.0,-8.899999618530273
-9.0,-8.800000190734863
-8.899999618530273,-8.5
-8.899999618530273,-8.399999618530273
-8.800000190734863,-8.399999618530273
-8.699999809265137,-8.199999809265137
-8.399999618530273,-8.0
