init_top20,bo_top20
-6.9,-7.699999809265137
-6.5,-7.699999809265137
-6.4,-7.699999809265137
-6.3,-7.599999904632568
-6.3,-7.5
-6.3,-7.5
-6.2,-7.300000190734863
-6.1,-7.300000190734863
-6.1,-7.199999809265137
-6.1,-7.099999904632568
-5.9,-7.099999904632568
-5.9,-7.099999904632568
-5.9,-6.900000095367432
-5.9,-6.900000095367432
-5.9,-6.800000190734863
-5.8,-6.800000190734863
-5.8,-6.800000190734863
-5.7,-6.800000190734863
-5.7,-6.800000190734863
-5.7,-6.699999809265137
