{"LLM_time": 724.903397321701, "train_time": 4.458427429199219e-05, "evaluate_time": 3472.8064482212067, "init_time": 4.280179738998413, "num_iterations": 64, "num_new_mol": 101}