init_top10,bo_top10
-12.0,-12.300000190734863
-11.899999618530272,-12.100000381469728
-11.800000190734863,-12.0
-11.600000381469728,-11.899999618530272
-11.5,-11.800000190734863
-11.199999809265137,-11.399999618530272
-11.199999809265137,-11.399999618530272
-11.199999809265137,-11.300000190734863
-11.100000381469728,-11.199999809265137
-11.0,-11.100000381469728
