init_top9,bo_top9
-12.7,-11.800000190734863
-11.0,-11.300000190734863
-10.2,-11.199999809265137
-10.2,-11.100000381469728
-10.0,-11.100000381469728
-9.9,-11.0
-9.8,-10.899999618530272
-9.7,-10.899999618530272
-9.7,-10.899999618530272
