{"LLM_time": 1463.6361954212189, "train_time": 436.46443605422974, "evaluate_time": 8615.30653834343, "init_time": 7.401175022125244, "num_iterations": 115, "num_new_mol": 100}