{"LLM_time": 801.0521466732025, "train_time": 5.6743621826171875e-05, "evaluate_time": 4082.7134642601013, "init_time": 5.118032932281494, "num_iterations": 76, "num_new_mol": 100}