init_top5,bo_top5
-6.699999809265137,-7.599999904632568
-6.699999809265137,-7.5
-6.699999809265137,-7.300000190734863
-6.599999904632568,-7.300000190734863
-6.5,-7.199999809265137
