{"LLM_time": 630.8654124736786, "train_time": 3.457069396972656e-05, "evaluate_time": 5095.7754554748535, "init_time": 4.813864231109619, "num_iterations": 52, "num_new_mol": 100}