init_top10,bo_top10
-11.199999809265137,-12.399999618530272
-10.199999809265137,-11.699999809265137
-10.0,-11.600000381469728
-10.0,-11.600000381469728
-9.699999809265137,-11.5
-9.600000381469728,-11.5
-9.399999618530272,-11.199999809265137
-9.399999618530272,-11.199999809265137
-9.300000190734863,-11.100000381469728
-9.199999809265137,-11.100000381469728
