{"LLM_time": 1121.727955341339, "train_time": 743.6822280883789, "evaluate_time": 815.8730609416962, "init_time": 34.469860792160034, "num_iterations": 128, "num_new_mol": 100}