{"LLM_time": 12726.054324388504, "train_time": 1119.34001994133, "evaluate_time": 12822.48892712593, "init_time": 6.366943597793579, "num_iterations": 461, "num_new_mol": 100}