init_top10,bo_top10
-10.300000190734863,-12.399999618530272
-10.199999809265137,-12.399999618530272
-10.0,-12.199999809265137
-9.800000190734863,-12.100000381469728
-9.600000381469728,-11.5
-9.600000381469728,-11.100000381469728
-9.399999618530272,-10.899999618530272
-9.399999618530272,-10.600000381469728
-9.399999618530272,-10.5
-9.399999618530272,-10.5
