init_top5,bo_top5
-10.300000190734863,-12.399999618530272
-10.199999809265137,-12.399999618530272
-10.0,-12.199999809265137
-9.800000190734863,-12.100000381469728
-9.600000381469728,-11.5
