init_top9,bo_top9
-7.599999904632568,-8.100000381469727
-7.5,-7.800000190734863
-7.400000095367432,-7.699999809265137
-7.400000095367432,-7.5
-7.199999809265137,-7.400000095367432
-7.0,-7.400000095367432
-7.0,-7.300000190734863
-7.0,-7.0
-6.800000190734863,-6.900000095367432
