{"LLM_time": 6430.3383021354675, "train_time": 585.4396460056305, "evaluate_time": 15854.240662574768, "init_time": 7.177710056304932, "num_iterations": 219, "num_new_mol": 100}