init_top1,bo_top1
-10.600000381469728,-12.600000381469728
