init_top10,bo_top10
-10.600000381469728,-12.600000381469728
-10.600000381469728,-12.399999618530272
-10.5,-12.399999618530272
-10.399999618530272,-12.300000190734863
-10.399999618530272,-12.300000190734863
-10.399999618530272,-12.0
-10.100000381469728,-11.800000190734863
-10.0,-11.800000190734863
-9.899999618530272,-11.600000381469728
-9.899999618530272,-11.600000381469728
