init_top5,bo_top5
-10.600000381469728,-12.600000381469728
-10.600000381469728,-12.399999618530272
-10.5,-12.399999618530272
-10.399999618530272,-12.300000190734863
-10.399999618530272,-12.300000190734863
