init_top5,bo_top5
-6.0,-6.900000095367432
-5.8,-6.099999904632568
-5.8,-6.099999904632568
-5.7,-6.099999904632568
-5.7,-6.0
