{"LLM_time": 753.6764125823975, "train_time": 89.75259494781494, "evaluate_time": 2545.3740661144257, "init_time": 6.3809778690338135, "num_iterations": 45, "num_new_mol": 100}