init_top1,bo_top1
-6.199999809265137,-7.800000190734863
