init_top5,bo_top5
-6.199999809265137,-7.800000190734863
-5.900000095367432,-7.5
-5.900000095367432,-7.300000190734863
-5.900000095367432,-7.199999809265137
-5.599999904632568,-7.0
