{"LLM_time": 1991.3000836372375, "train_time": 474.2953939437866, "evaluate_time": 2846.414246082306, "init_time": 13.753555297851562, "num_iterations": 103, "num_new_mol": 101}